연번,주소,총저수량(천톤),입력주소,X,Y,CLSS,PNU,주소구분,표준신주소,표준구주소,우편번호,행정동코드,행정동명,법정동코드,법정동명,지역명
1,의성읍 중리리 82유,12.4,의성읍 중리리 82유,352275,318212,시군구 좌표,47730,판별불가,,경상북도 의성군,,,,,,의성읍
2,의성읍 중리리 237-1유,4.3,의성읍 중리리 237-1유,352275,318212,시군구 좌표,47730,판별불가,,경상북도 의성군,,,,,,의성읍
3,의성읍 중리리 산 46-2 임,2.2,의성읍 중리리 산 46-2 임,352275,318212,시군구 좌표,47730,판별불가,,경상북도 의성군,,,,,,의성읍
4,의성읍 중리리 산60-5구,2.0,의성읍 중리리 산60-5구,352275,318212,시군구 좌표,47730,판별불가,,경상북도 의성군,,,,,,의성읍
5,의성읍 상리리 43유,9.3,의성읍 상리리 43유,352275,318212,시군구 좌표,47730,판별불가,,경상북도 의성군,,,,,,의성읍
6,의성읍 상리리 50-3유,1.1,의성읍 상리리 50-3유,352275,318212,시군구 좌표,47730,판별불가,,경상북도 의성군,,,,,,의성읍
7,의성읍 상리리 16-1유,15.6,의성읍 상리리 16-1유,352275,318212,시군구 좌표,47730,판별불가,,경상북도 의성군,,,,,,의성읍
8,의성읍 상리리 296답,1.0,의성읍 상리리 296답,352275,318212,시군구 좌표,47730,판별불가,,경상북도 의성군,,,,,,의성읍
9,의성읍 도동리 27유,13.5,의성읍 도동리 27유,352275,318212,시군구 좌표,47730,판별불가,,경상북도 의성군,,,,,,의성읍
10,의성읍 오로리 716-1유,165.0,의성읍 오로리 716-1유,352275,318212,시군구 좌표,47730,판별불가,,경상북도 의성군,,,,,,의성읍
11,의성읍 오로리 895유,15.0,의성읍 오로리 895유,352275,318212,시군구 좌표,47730,판별불가,,경상북도 의성군,,,,,,의성읍
12,의성읍 비봉리 570-1유,40.0,의성읍 비봉리 570-1유,352275,318212,시군구 좌표,47730,판별불가,,경상북도 의성군,,,,,,의성읍
13,의성읍 비봉리 1009유,19.0,의성읍 비봉리 1009유,352275,318212,시군구 좌표,47730,판별불가,,경상북도 의성군,,,,,,의성읍
14,의성읍 비봉리 105-1유,9.9,의성읍 비봉리 105-1유,352275,318212,시군구 좌표,47730,판별불가,,경상북도 의성군,,,,,,의성읍
15,의성읍 비봉리 360유,7.0,의성읍 비봉리 360유,352275,318212,시군구 좌표,47730,판별불가,,경상북도 의성군,,,,,,의성읍
16,의성읍 비봉리 697유,0.44,의성읍 비봉리 697유,352275,318212,시군구 좌표,47730,판별불가,,경상북도 의성군,,,,,,의성읍
17,의성읍 비봉리 535유,0.56,의성읍 비봉리 535유,352275,318212,시군구 좌표,47730,판별불가,,경상북도 의성군,,,,,,의성읍
18,의성읍 비봉리 894-3유,0.4,의성읍 비봉리 894-3유,352275,318212,시군구 좌표,47730,판별불가,,경상북도 의성군,,,,,,의성읍
19,의성읍 팔성리 449,2.0,의성읍 팔성리 449,352275,318212,시군구 좌표,47730,판별불가,,경상북도 의성군,,,,,,의성읍
20,의성읍 팔성리 560유,20.3,의성읍 팔성리 560유,352275,318212,시군구 좌표,47730,판별불가,,경상북도 의성군,,,,,,의성읍
21,의성읍 팔성리 321유,42.0,의성읍 팔성리 321유,352275,318212,시군구 좌표,47730,판별불가,,경상북도 의성군,,,,,,의성읍
22,의성읍 팔성리 395유,5.8,의성읍 팔성리 395유,352275,318212,시군구 좌표,47730,판별불가,,경상북도 의성군,,,,,,의성읍
23,의성읍 오로리 847-4,2.0,의성읍 오로리 847-4,352275,318212,시군구 좌표,47730,판별불가,,경상북도 의성군,,,,,,의성읍
24,의성읍 팔성리 730,11.4,의성읍 팔성리 730,352275,318212,시군구 좌표,47730,판별불가,,경상북도 의성군,,,,,,의성읍
25,의성읍 팔성리 846답,0.4,의성읍 팔성리 846답,352275,318212,시군구 좌표,47730,판별불가,,경상북도 의성군,,,,,,의성읍
26,의성읍 용연리 512유,93.4,의성읍 용연리 512유,352275,318212,시군구 좌표,47730,판별불가,,경상북도 의성군,,,,,,의성읍
27,의성읍 용연리 151유,17.6,의성읍 용연리 151유,352275,318212,시군구 좌표,47730,판별불가,,경상북도 의성군,,,,,,의성읍
28,의성읍 용연리 296답,2.2,의성읍 용연리 296답,352275,318212,시군구 좌표,47730,판별불가,,경상북도 의성군,,,,,,의성읍
29,의성읍 상리리 210,3.6,의성읍 상리리 210,352275,318212,시군구 좌표,47730,판별불가,,경상북도 의성군,,,,,,의성읍
30,의성읍 철파리 502유,18.5,의성읍 철파리 502유,352275,318212,시군구 좌표,47730,판별불가,,경상북도 의성군,,,,,,의성읍
31,의성읍 철파리 36유,7.0,의성읍 철파리 36유,352275,318212,시군구 좌표,47730,판별불가,,경상북도 의성군,,,,,,의성읍
32,의성읍 업리 202유,4.0,의성읍 업리 202유,352275,318212,시군구 좌표,47730,판별불가,,경상북도 의성군,,,,,,의성읍
33,의성읍 업리 470유,19.0,의성읍 업리 470유,352275,318212,시군구 좌표,47730,판별불가,,경상북도 의성군,,,,,,의성읍
34,의성읍 업리 850유,3.0,의성읍 업리 850유,352275,318212,시군구 좌표,47730,판별불가,,경상북도 의성군,,,,,,의성읍
35,의성읍 업리 244유,6.0,의성읍 업리 244유,352275,318212,시군구 좌표,47730,판별불가,,경상북도 의성군,,,,,,의성읍
36,의성읍 업리 306답,9.2,의성읍 업리 306답,352275,318212,시군구 좌표,47730,판별불가,,경상북도 의성군,,,,,,의성읍
37,의성읍 업리 922-1유,0.5,의성읍 업리 922-1유,352275,318212,시군구 좌표,47730,판별불가,,경상북도 의성군,,,,,,의성읍
38,의성읍 업리 871유,1.5,의성읍 업리 871유,352275,318212,시군구 좌표,47730,판별불가,,경상북도 의성군,,,,,,의성읍
39,의성읍 업리 148유,11.7,의성읍 업리 148유,352275,318212,시군구 좌표,47730,판별불가,,경상북도 의성군,,,,,,의성읍
40,의성읍 업리 1141유,19.3,의성읍 업리 1141유,352275,318212,시군구 좌표,47730,판별불가,,경상북도 의성군,,,,,,의성읍
41,의성읍 업리 393,2.9,의성읍 업리 393,352275,318212,시군구 좌표,47730,판별불가,,경상북도 의성군,,,,,,의성읍
42,단촌면 세촌리 1319유,4.6,단촌면 세촌리 1319유,347892,326140,정좌표,4773031030113190000,구주소,,경상북도 의성군 단촌면 세촌리 1319,37328,4773031000,단촌면,4773031030,단촌면 세촌리,단촌면
43,단촌면 하화리 117유,52.5,단촌면 하화리 117유,352731,324361,정좌표,4773031031101170000,구주소,,경상북도 의성군 단촌면 하화리 117,37329,4773031000,단촌면,4773031031,단촌면 하화리,단촌면
44,단촌면 하화리 209유,10.6,단촌면 하화리 209유,352190,324695,정좌표,4773031031102090000,구주소,,경상북도 의성군 단촌면 하화리 209,37329,4773031000,단촌면,4773031031,단촌면 하화리,단촌면
45,단촌면 하화리 223유,0.9,단촌면 하화리 223유,352091,325047,정좌표,4773031031102230000,구주소,,경상북도 의성군 단촌면 하화리 223,,4773031000,단촌면,4773031031,단촌면 하화리,단촌면
46,단촌면 하화리 1213임,0.8,단촌면 하화리 1213임,349025,324639,정좌표,4773031031112130000,구주소,,경상북도 의성군 단촌면 하화리 1213,37327,4773031000,단촌면,4773031031,단촌면 하화리,단촌면
47,단촌면 상화리 32유,47.0,단촌면 상화리 32유,354442,322681,정좌표,4773031032100320000,구주소,,경상북도 의성군 단촌면 상화리 32,37329,4773031000,단촌면,4773031032,단촌면 상화리,단촌면
48,단촌면 상화리 산56임,4.3,단촌면 상화리 산56임,354334,323310,정좌표,4773031032200560000,구주소,,경상북도 의성군 단촌면 상화리 산56,,4773031000,단촌면,4773031032,단촌면 상화리,단촌면
49,단촌면 상화리 569-1유,16.5,단촌면 상화리 569-1유,353806,323939,정좌표,4773031032105690001,구주소,,경상북도 의성군 단촌면 상화리 569-1,37329,4773031000,단촌면,4773031032,단촌면 상화리,단촌면
50,단촌면 상화리 632답,4.4,단촌면 상화리 632답,353520,324217,정좌표,4773031032106320000,구주소,,경상북도 의성군 단촌면 상화리 632,37329,4773031000,단촌면,4773031032,단촌면 상화리,단촌면
51,단촌면 관덕리 624 유,9.1,단촌면 관덕리 624 유,352707,325808,정좌표,4773031033106240000,구주소,,경상북도 의성군 단촌면 관덕리 624,37326,4773031000,단촌면,4773031033,단촌면 관덕리,단촌면
52,단촌면 병방리 산55임,5.5,단촌면 병방리 산55임,355613,324499,정좌표,4773031034200550000,구주소,,경상북도 의성군 단촌면 병방리 산55,,4773031000,단촌면,4773031034,단촌면 병방리,단촌면
53,단촌면 병방리 641유,21.2,단촌면 병방리 641유,355358,324775,정좌표,4773031034106410000,구주소,,경상북도 의성군 단촌면 병방리 641,37326,4773031000,단촌면,4773031034,단촌면 병방리,단촌면
54,단촌면 병방리 705유,21.9,단촌면 병방리 705유,353620,325603,정좌표,4773031034107050000,구주소,,경상북도 의성군 단촌면 병방리 705,37326,4773031000,단촌면,4773031034,단촌면 병방리,단촌면
55,단촌면 병방리 889유,0.8,단촌면 병방리 889유,353711,326774,정좌표,4773031034108890000,구주소,,경상북도 의성군 단촌면 병방리 889,37326,4773031000,단촌면,4773031034,단촌면 병방리,단촌면
56,단촌면 병방리 375유,0.8,단촌면 병방리 375유,354276,326391,정좌표,4773031034103750000,구주소,,경상북도 의성군 단촌면 병방리 375,37326,4773031000,단촌면,4773031034,단촌면 병방리,단촌면
57,단촌면 구계리 산124임,4.7,단촌면 구계리 산124임,358082,332078,정좌표,4773031035201240000,구주소,,경상북도 의성군 단촌면 구계리 산124,,4773031000,단촌면,4773031035,단촌면 구계리,단촌면
58,단촌면 구계리 산220 임,2.0,단촌면 구계리 산220 임,356616,329991,정좌표,4773031035202200000,구주소,,경상북도 의성군 단촌면 구계리 산220,,4773031000,단촌면,4773031035,단촌면 구계리,단촌면
59,단촌면 구계리 291유,9.5,단촌면 구계리 291유,355329,330911,정좌표,4773031035102910000,구주소,,경상북도 의성군 단촌면 구계리 291,37320,4773031000,단촌면,4773031035,단촌면 구계리,단촌면
60,단촌면 구계리 937유,8.1,단촌면 구계리 937유,353663,331609,정좌표,4773031035109370000,구주소,,경상북도 의성군 단촌면 구계리 937,37320,4773031000,단촌면,4773031035,단촌면 구계리,단촌면
61,단촌면 구계리 733유,3.5,단촌면 구계리 733유,354147,329074,정좌표,4773031035107330000,구주소,,경상북도 의성군 단촌면 구계리 733,37320,4773031000,단촌면,4773031035,단촌면 구계리,단촌면
62,단촌면 구계리 905유,0.3,단촌면 구계리 905유,354244,331469,정좌표,4773031035109050000,구주소,,경상북도 의성군 단촌면 구계리 905,37320,4773031000,단촌면,4773031035,단촌면 구계리,단촌면
63,단촌면 방하리 1225유,22.3,단촌면 방하리 1225유,348399,323305,정좌표,4773031036112250000,구주소,,경상북도 의성군 단촌면 방하리 1225,37329,4773031000,단촌면,4773031036,단촌면 방하리,단촌면
64,단촌면 방하리 730 유,10.2,단촌면 방하리 730 유,348957,321706,정좌표,4773031036107300000,구주소,,경상북도 의성군 단촌면 방하리 730,37329,4773031000,단촌면,4773031036,단촌면 방하리,단촌면
65,단촌면 방하리 896유,2.4,단촌면 방하리 896유,348254,321747,정좌표,4773031036108960000,구주소,,경상북도 의성군 단촌면 방하리 896,37329,4773031000,단촌면,4773031036,단촌면 방하리,단촌면
66,단촌면 방하리 1249-1,3.3,단촌면 방하리 1249-1,348171,323783,정좌표,4773031036112490001,구주소,,경상북도 의성군 단촌면 방하리 1249-1,37329,4773031000,단촌면,4773031036,단촌면 방하리,단촌면
67,단촌면 방하리 298유,27.1,단촌면 방하리 298유,348925,323326,정좌표,4773031036102980000,구주소,,경상북도 의성군 단촌면 방하리 298,37329,4773031000,단촌면,4773031036,단촌면 방하리,단촌면
68,단촌면 방하리 1273답,0.3,단촌면 방하리 1273답,347367,322928,정좌표,4773031036112730000,구주소,,경상북도 의성군 단촌면 방하리 1273,37329,4773031000,단촌면,4773031036,단촌면 방하리,단촌면
69,단촌면 방하리 828-2유,1.9,단촌면 방하리 828-2유,349101,321318,정좌표,4773031036108280002,구주소,,경상북도 의성군 단촌면 방하리 828-2,37329,4773031000,단촌면,4773031036,단촌면 방하리,단촌면
70,단촌면 방하리 110임,2.8,단촌면 방하리 110임,349818,323854,정좌표,4773031036101100000,구주소,,경상북도 의성군 단촌면 방하리 110,37329,4773031000,단촌면,4773031036,단촌면 방하리,단촌면
71,단촌면 방하리 1337 유,2.0,단촌면 방하리 1337 유,347781,322146,정좌표,4773031036113370000,구주소,,경상북도 의성군 단촌면 방하리 1337,37329,4773031000,단촌면,4773031036,단촌면 방하리,단촌면
72,단촌면 장림리 169유,17.0,단촌면 장림리 169유,347305,323387,정좌표,4773031037101690000,구주소,,경상북도 의성군 단촌면 장림리 169,37328,4773031000,단촌면,4773031037,단촌면 장림리,단촌면
73,단촌면 장림리 산10임,9.3,단촌면 장림리 산10임,347997,324346,정좌표,4773031037200100000,구주소,,경상북도 의성군 단촌면 장림리 산10,,4773031000,단촌면,4773031037,단촌면 장림리,단촌면
74,단촌면 장림리 616유,13.8,단촌면 장림리 616유,346771,325437,정좌표,4773031037106160000,구주소,,경상북도 의성군 단촌면 장림리 616,37328,4773031000,단촌면,4773031037,단촌면 장림리,단촌면
75,단촌면 장림리 103유,7.0,단촌면 장림리 103유,347574,324386,정좌표,4773031037101030000,구주소,,경상북도 의성군 단촌면 장림리 103,37328,4773031000,단촌면,4773031037,단촌면 장림리,단촌면
76,단촌면 장림리 821유,2.0,단촌면 장림리 821유,346268,323955,정좌표,4773031037108210000,구주소,,경상북도 의성군 단촌면 장림리 821,37328,4773031000,단촌면,4773031037,단촌면 장림리,단촌면
77,단촌면 장림리 1010-1유,14.8,단촌면 장림리 1010-1유,344737,325064,정좌표,4773031037110100001,구주소,,경상북도 의성군 단촌면 장림리 1010-1,,4773031000,단촌면,4773031037,단촌면 장림리,단촌면
78,단촌면 장림리 982유,1.5,단촌면 장림리 982유,344912,325107,정좌표,4773031037109820000,구주소,,경상북도 의성군 단촌면 장림리 982,37328,4773031000,단촌면,4773031037,단촌면 장림리,단촌면
79,점곡면 황룡리 107유,23.3,점곡면 황룡리 107유,357898,317288,정좌표,4773032030101070000,구주소,,경상북도 의성군 점곡면 황룡리 107,37325,4773032000,점곡면,4773032030,점곡면 황룡리,점곡면
80,점곡면 황룡리 412유,7.4,점곡면 황룡리 412유,357490,318609,정좌표,4773032030104120000,구주소,,경상북도 의성군 점곡면 황룡리 412,37325,4773032000,점곡면,4773032030,점곡면 황룡리,점곡면
81,점곡면 황룡리 493답,6.6,점곡면 황룡리 493답,357018,319448,정좌표,4773032030104930000,구주소,,경상북도 의성군 점곡면 황룡리 493,37325,4773032000,점곡면,4773032030,점곡면 황룡리,점곡면
82,점곡면 황룡리 384유,14.27,점곡면 황룡리 384유,357585,318909,정좌표,4773032030103840000,구주소,,경상북도 의성군 점곡면 황룡리 384,37325,4773032000,점곡면,4773032030,점곡면 황룡리,점곡면
83,점곡면 황룡리 371유,1.1,점곡면 황룡리 371유,357549,318300,정좌표,4773032030103710000,구주소,,경상북도 의성군 점곡면 황룡리 371,37325,4773032000,점곡면,4773032030,점곡면 황룡리,점곡면
84,점곡면 황룡리 산32임,356.0,점곡면 황룡리 산32임,357569,318024,정좌표,4773032030200320000,구주소,,경상북도 의성군 점곡면 황룡리 산32,37325,4773032000,점곡면,4773032030,점곡면 황룡리,점곡면
85,점곡면 구암리 271유,4.0,점곡면 구암리 271유,357541,320632,정좌표,4773032031102710000,구주소,,경상북도 의성군 점곡면 구암리 271,37325,4773032000,점곡면,4773032031,점곡면 구암리,점곡면
86,점곡면 구암리 78유,19.6,점곡면 구암리 78유,358738,320065,정좌표,4773032031100780000,구주소,,경상북도 의성군 점곡면 구암리 78,37325,4773032000,점곡면,4773032031,점곡면 구암리,점곡면
87,점곡면 구암리 658-1,11.2,점곡면 구암리 658-1,359053,318556,정좌표,4773032031106580001,구주소,,경상북도 의성군 점곡면 구암리 658-1,,4773032000,점곡면,4773032031,점곡면 구암리,점곡면
88,점곡면 구암리 664유,18.4,점곡면 구암리 664유,358662,318412,정좌표,4773032031106640000,구주소,,경상북도 의성군 점곡면 구암리 664,,4773032000,점곡면,4773032031,점곡면 구암리,점곡면
89,점곡면 구암리 120유,52.0,점곡면 구암리 120유,359348,319981,정좌표,4773032031101200000,구주소,,경상북도 의성군 점곡면 구암리 120,37325,4773032000,점곡면,4773032031,점곡면 구암리,점곡면
90,점곡면 명고리 767유,32.0,점곡면 명고리 767유,356697,320910,정좌표,4773032032107670000,구주소,,경상북도 의성군 점곡면 명고리 767,37325,4773032000,점곡면,4773032032,점곡면 명고리,점곡면
91,점곡면 명고리 757유,8.0,점곡면 명고리 757유,356418,321274,정좌표,4773032032107570000,구주소,,경상북도 의성군 점곡면 명고리 757,37325,4773032000,점곡면,4773032032,점곡면 명고리,점곡면
92,점곡면 명고리 362유,78.4,점곡면 명고리 362유,356907,323024,정좌표,4773032032103620000,구주소,,경상북도 의성군 점곡면 명고리 362,37325,4773032000,점곡면,4773032032,점곡면 명고리,점곡면
93,점곡면 명고리 363유,96.9,점곡면 명고리 363유,356657,323093,정좌표,4773032032103630000,구주소,,경상북도 의성군 점곡면 명고리 363,37325,4773032000,점곡면,4773032032,점곡면 명고리,점곡면
94,점곡면 동변리 702유,6.5,점곡면 동변리 702유,360759,326469,정좌표,4773032033107020000,구주소,,경상북도 의성군 점곡면 동변리 702,,4773032000,점곡면,4773032033,점곡면 동변리,점곡면
95,점곡면 동변리 118-1유,3.4,점곡면 동변리 118-1유,360498,329881,정좌표,4773032033101180001,구주소,,경상북도 의성군 점곡면 동변리 118-1,,4773032000,점곡면,4773032033,점곡면 동변리,점곡면
96,점곡면 동변리 299유,5.0,점곡면 동변리 299유,361853,328137,정좌표,4773032033102990000,구주소,,경상북도 의성군 점곡면 동변리 299,37321,4773032000,점곡면,4773032033,점곡면 동변리,점곡면
97,점곡면 사촌리 32답,4.0,점곡면 사촌리 32답,358267,330154,정좌표,4773032034100320000,구주소,경상북도 의성군 점곡면 일직점곡로 1162-30,경상북도 의성군 점곡면 사촌리 32,,4773032000,점곡면,4773032034,점곡면 사촌리,점곡면
98,점곡면 송내리 456유,6.1,점곡면 송내리 456유,355491,327506,정좌표,4773032035104560000,구주소,,경상북도 의성군 점곡면 송내리 456,37321,4773032000,점곡면,4773032035,점곡면 송내리,점곡면
99,점곡면 윤암리 808,0.6,점곡면 윤암리 808,359613,322626,정좌표,4773032036108080000,구주소,,경상북도 의성군 점곡면 윤암리 808,37325,4773032000,점곡면,4773032036,점곡면 윤암리,점곡면
100,점곡면 윤암리 916유,5.8,점곡면 윤암리 916유,358440,321486,정좌표,4773032036109160000,구주소,,경상북도 의성군 점곡면 윤암리 916,37325,4773032000,점곡면,4773032036,점곡면 윤암리,점곡면
101,점곡면 윤암리 289유,4.4,점곡면 윤암리 289유,359312,325146,정좌표,4773032036102890000,구주소,,경상북도 의성군 점곡면 윤암리 289,37325,4773032000,점곡면,4773032036,점곡면 윤암리,점곡면
102,점곡면 윤암리 678유,17.4,점곡면 윤암리 678유,359795,322974,정좌표,4773032036106780000,구주소,,경상북도 의성군 점곡면 윤암리 678,37325,4773032000,점곡면,4773032036,점곡면 윤암리,점곡면
103,점곡면 윤암리 1022유,21.3,점곡면 윤암리 1022유,359426,321689,정좌표,4773032036110220000,구주소,,경상북도 의성군 점곡면 윤암리 1022,37325,4773032000,점곡면,4773032036,점곡면 윤암리,점곡면
188,춘산면 옥정리 895유,26.7,춘산면 옥정리 895유,363015,304007,정좌표,4773035029108950000,구주소,,경상북도 의성군 춘산면 옥정리 895,37348,4773035000,춘산면,4773035029,춘산면 옥정리,춘산면
189,춘산면 옥정리 1186,6.6,춘산면 옥정리 1186,362762,303070,정좌표,4773035029111860000,구주소,,경상북도 의성군 춘산면 옥정리 1186,37348,4773035000,춘산면,4773035029,춘산면 옥정리,춘산면
190,춘산면 옥정리 480유,13.2,춘산면 옥정리 480유,362560,304935,정좌표,4773035029104800000,구주소,,경상북도 의성군 춘산면 옥정리 480,37348,4773035000,춘산면,4773035029,춘산면 옥정리,춘산면
191,춘산면 옥정리 875유,12.3,춘산면 옥정리 875유,362609,304016,정좌표,4773035029108750000,구주소,,경상북도 의성군 춘산면 옥정리 875,37348,4773035000,춘산면,4773035029,춘산면 옥정리,춘산면
192,춘산면 옥정리 253유,3.8,춘산면 옥정리 253유,362546,305953,정좌표,4773035029102530000,구주소,,경상북도 의성군 춘산면 옥정리 253,37348,4773035000,춘산면,4773035029,춘산면 옥정리,춘산면
193,춘산면 옥정리 568,2.0,춘산면 옥정리 568,363037,304837,정좌표,4773035029105680000,구주소,,경상북도 의성군 춘산면 옥정리 568,37348,4773035000,춘산면,4773035029,춘산면 옥정리,춘산면
194,춘산면 금오리 37유,10.8,춘산면 금오리 37유,370023,302381,정좌표,4773035030100370000,구주소,,경상북도 의성군 춘산면 금오리 37,37348,4773035000,춘산면,4773035030,춘산면 금오리,춘산면
195,춘산면 금오리 산61임,8.0,춘산면 금오리 산61임,368714,302687,정좌표,4773035030200610000,구주소,,경상북도 의성군 춘산면 금오리 산61,37348,4773035000,춘산면,4773035030,춘산면 금오리,춘산면
196,춘산면 금오리 382-1유,6.4,춘산면 금오리 382-1유,368301,303505,정좌표,4773035030103820001,구주소,,경상북도 의성군 춘산면 금오리 382-1,37348,4773035000,춘산면,4773035030,춘산면 금오리,춘산면
197,춘산면 신흥리 782답,5.4,춘산면 신흥리 782답,365682,305190,정좌표,4773035031107820000,구주소,경상북도 의성군 춘산면 금성현서로 1975,경상북도 의성군 춘산면 신흥리 782,37348,4773035000,춘산면,4773035031,춘산면 신흥리,춘산면
198,춘산면 신흥리 535 유,11.3,춘산면 신흥리 535 유,365433,304339,정좌표,4773035031105350000,구주소,,경상북도 의성군 춘산면 신흥리 535,37348,4773035000,춘산면,4773035031,춘산면 신흥리,춘산면
199,춘산면 신흥리 480답,5.0,춘산면 신흥리 480답,366024,305116,정좌표,4773035031104800000,구주소,,경상북도 의성군 춘산면 신흥리 480,37348,4773035000,춘산면,4773035031,춘산면 신흥리,춘산면
200,춘산면 신흥리 126유,33.0,춘산면 신흥리 126유,367912,307045,정좌표,4773035031101260000,구주소,,경상북도 의성군 춘산면 신흥리 126,37348,4773035000,춘산면,4773035031,춘산면 신흥리,춘산면
201,춘산면 신흥리 144,3.0,춘산면 신흥리 144,368320,306892,정좌표,4773035031101440000,구주소,,경상북도 의성군 춘산면 신흥리 144,37348,4773035000,춘산면,4773035031,춘산면 신흥리,춘산면
202,춘산면 대사리 516유,8.4,춘산면 대사리 516유,363671,307891,정좌표,4773035032105160000,구주소,,경상북도 의성군 춘산면 대사리 516,37348,4773035000,춘산면,4773035032,춘산면 대사리,춘산면
203,춘산면 대사리 186유,3.8,춘산면 대사리 186유,364773,306571,정좌표,4773035032101860000,구주소,,경상북도 의성군 춘산면 대사리 186,37348,4773035000,춘산면,4773035032,춘산면 대사리,춘산면
204,춘산면 대사리 147 유,3.7,춘산면 대사리 147 유,364671,307906,정좌표,4773035032101470000,구주소,,경상북도 의성군 춘산면 대사리 147,37348,4773035000,춘산면,4773035032,춘산면 대사리,춘산면
213,춘산면 빙계리 142유,58.3,춘산면 빙계리 142유,359800,306520,정좌표,4773035034101420000,구주소,,경상북도 의성군 춘산면 빙계리 142,37349,4773035000,춘산면,4773035034,춘산면 빙계리,춘산면
214,춘산면 빙계리 109유,28.3,춘산면 빙계리 109유,359507,306787,정좌표,4773035034101090000,구주소,,경상북도 의성군 춘산면 빙계리 109,37349,4773035000,춘산면,4773035034,춘산면 빙계리,춘산면
215,춘산면 사미리 645-1답,17.3,춘산면 사미리 645-1답,357648,307759,인근좌표,47730,구주소,,경상북도 의성군 춘산면 사미리 645-1,,4773035000,춘산면,4773035035,춘산면 사미리,춘산면
216,춘산면 사미리 292유,3.2,춘산면 사미리 292유,357623,306941,정좌표,4773035035102920000,구주소,,경상북도 의성군 춘산면 사미리 292,37349,4773035000,춘산면,4773035035,춘산면 사미리,춘산면
217,춘산면 사미리 618답,15.8,춘산면 사미리 618답,357239,307748,정좌표,4773035035106180000,구주소,,경상북도 의성군 춘산면 사미리 618,37349,4773035000,춘산면,4773035035,춘산면 사미리,춘산면
218,춘산면 사미리 921유,6.0,춘산면 사미리 921유,357688,308177,정좌표,4773035035109210000,구주소,,경상북도 의성군 춘산면 사미리 921,37349,4773035000,춘산면,4773035035,춘산면 사미리,춘산면
219,춘산면 효선리 62유,23.9,춘산면 효선리 62유,361907,308857,정좌표,4773035036100620000,구주소,,경상북도 의성군 춘산면 효선리 62,37349,4773035000,춘산면,4773035036,춘산면 효선리,춘산면
220,춘산면 효선리 1011유,0.8,춘산면 효선리 1011유,358016,308579,정좌표,4773035036110110000,구주소,,경상북도 의성군 춘산면 효선리 1011,37349,4773035000,춘산면,4773035036,춘산면 효선리,춘산면
221,춘산면 효선리 1213답,0.7,춘산면 효선리 1213답,357814,309030,정좌표,4773035036112130000,구주소,,경상북도 의성군 춘산면 효선리 1213,37349,4773035000,춘산면,4773035036,춘산면 효선리,춘산면
222,춘산면 효선리 342유,2.2,춘산면 효선리 342유,359712,309308,정좌표,4773035036103420000,구주소,,경상북도 의성군 춘산면 효선리 342,37349,4773035000,춘산면,4773035036,춘산면 효선리,춘산면
223,춘산면 효선리 356유,16.0,춘산면 효선리 356유,359980,309329,정좌표,4773035036103560000,구주소,,경상북도 의성군 춘산면 효선리 356,37349,4773035000,춘산면,4773035036,춘산면 효선리,춘산면
224,춘산면 효선리 1029유,15.4,춘산면 효선리 1029유,358041,308279,정좌표,4773035036110290000,구주소,,경상북도 의성군 춘산면 효선리 1029,37349,4773035000,춘산면,4773035036,춘산면 효선리,춘산면
225,가음면 장리 499유,4.8,가음면 장리 499유,356203,306477,정좌표,4773036028104990000,구주소,,경상북도 의성군 가음면 장리 499,37358,4773036000,가음면,4773036028,가음면 장리,가음면
226,가음면 장리 176유,18.9,가음면 장리 176유,355919,305682,정좌표,4773036028101760000,구주소,,경상북도 의성군 가음면 장리 176,37358,4773036000,가음면,4773036028,가음면 장리,가음면
227,가음면 장리 828유,5.7,가음면 장리 828유,355210,306276,정좌표,4773036028108280000,구주소,,경상북도 의성군 가음면 장리 828,37358,4773036000,가음면,4773036028,가음면 장리,가음면
228,가음면 장리 738유,11.0,가음면 장리 738유,354814,306393,정좌표,4773036028107380000,구주소,,경상북도 의성군 가음면 장리 738,37358,4773036000,가음면,4773036028,가음면 장리,가음면
229,가음면 장리 1271유,59.4,가음면 장리 1271유,354919,305550,정좌표,4773036028112710000,구주소,,경상북도 의성군 가음면 장리 1271,37358,4773036000,가음면,4773036028,가음면 장리,가음면
230,가음면 장리 436유,6.6,가음면 장리 436유,355810,306168,정좌표,4773036028104360000,구주소,,경상북도 의성군 가음면 장리 436,37358,4773036000,가음면,4773036028,가음면 장리,가음면
231,가음면 장리 393유,3.3,가음면 장리 393유,355385,306380,정좌표,4773036028103930000,구주소,,경상북도 의성군 가음면 장리 393,37358,4773036000,가음면,4773036028,가음면 장리,가음면
232,가음면 장리 624유,4.1,가음면 장리 624유,355114,306615,정좌표,4773036028106240000,구주소,,경상북도 의성군 가음면 장리 624,37358,4773036000,가음면,4773036028,가음면 장리,가음면
233,가음면 장리 산45-8임,1.5,가음면 장리 산45-8임,355654,307003,정좌표,4773036028200450008,구주소,,경상북도 의성군 가음면 장리 산45-8,,4773036000,가음면,4773036028,가음면 장리,가음면
234,가음면 이리 690유,7.6,가음면 이리 690유,357019,307382,정좌표,4773036029106900000,구주소,,경상북도 의성군 가음면 이리 690,37358,4773036000,가음면,4773036029,가음면 이리,가음면
235,가음면 이리 1033-2유,6.3,가음면 이리 1033-2유,356642,307073,정좌표,4773036029110330002,구주소,,경상북도 의성군 가음면 이리 1033-2,37358,4773036000,가음면,4773036029,가음면 이리,가음면
236,가음면 이리 1089유,4.2,가음면 이리 1089유,356544,306946,정좌표,4773036029110890000,구주소,,경상북도 의성군 가음면 이리 1089,37358,4773036000,가음면,4773036029,가음면 이리,가음면
237,가음면 이리 1104유,12.0,가음면 이리 1104유,356420,306635,정좌표,4773036029111040000,구주소,,경상북도 의성군 가음면 이리 1104,37358,4773036000,가음면,4773036029,가음면 이리,가음면
238,가음면 이리 802-2임,5.6,가음면 이리 802-2임,356776,307646,정좌표,4773036029108020002,구주소,,경상북도 의성군 가음면 이리 802-2,37358,4773036000,가음면,4773036029,가음면 이리,가음면
239,가음면 이리 651유,6.3,가음면 이리 651유,357311,306797,정좌표,4773036029106510000,구주소,,경상북도 의성군 가음면 이리 651,37358,4773036000,가음면,4773036029,가음면 이리,가음면
240,가음면 가산리 169유,3.08,가음면 가산리 169유,355131,303359,정좌표,4773036031101690000,구주소,,경상북도 의성군 가음면 가산리 169,37359,4773036000,가음면,4773036031,가음면 가산리,가음면
241,가음면 순호리 1134유,9.7,가음면 순호리 1134유,352890,301726,정좌표,4773036033111340000,구주소,,경상북도 의성군 가음면 순호리 1134,37359,4773036000,가음면,4773036033,가음면 순호리,가음면
242,가음면 순호리 495유,140.5,가음면 순호리 495유,355112,302279,정좌표,4773036033104950000,구주소,,경상북도 의성군 가음면 순호리 495,37359,4773036000,가음면,4773036033,가음면 순호리,가음면
243,가음면 순호리 1003유,3.1,가음면 순호리 1003유,353433,302081,정좌표,4773036033110030000,구주소,,경상북도 의성군 가음면 순호리 1003,37359,4773036000,가음면,4773036033,가음면 순호리,가음면
244,가음면 순호리 975유,12.8,가음면 순호리 975유,353868,302596,정좌표,4773036033109750000,구주소,,경상북도 의성군 가음면 순호리 975,37359,4773036000,가음면,4773036033,가음면 순호리,가음면
245,가음면 순호리 132유,11.5,가음면 순호리 132유,356750,301646,정좌표,4773036033101320000,구주소,,경상북도 의성군 가음면 순호리 132,37359,4773036000,가음면,4773036033,가음면 순호리,가음면
246,가음면 순호리 16유,14.2,가음면 순호리 16유,357198,302246,정좌표,4773036033100160000,구주소,,경상북도 의성군 가음면 순호리 16,37359,4773036000,가음면,4773036033,가음면 순호리,가음면
247,가음면 현리리 487유,6.8,가음면 현리리 487유,358362,301831,정좌표,4773036034104870000,구주소,,경상북도 의성군 가음면 현리리 487,37359,4773036000,가음면,4773036034,가음면 현리리,가음면
248,가음면 현리리 249-2유,21.0,가음면 현리리 249-2유,358436,302993,정좌표,4773036034102490002,구주소,,경상북도 의성군 가음면 현리리 249-2,37359,4773036000,가음면,4773036034,가음면 현리리,가음면
249,가음면 현리리 67유,6.0,가음면 현리리 67유,360531,303112,정좌표,4773036034100670000,구주소,,경상북도 의성군 가음면 현리리 67,37359,4773036000,가음면,4773036034,가음면 현리리,가음면
250,가음면 현리리 584유,7.4,가음면 현리리 584유,358792,301088,정좌표,4773036034105840000,구주소,,경상북도 의성군 가음면 현리리 584,37359,4773036000,가음면,4773036034,가음면 현리리,가음면
251,가음면 현리리 450답,2.2,가음면 현리리 450답,358469,302105,정좌표,4773036034104500000,구주소,,경상북도 의성군 가음면 현리리 450,37359,4773036000,가음면,4773036034,가음면 현리리,가음면
380,비안면 옥연리 630유,8.8,비안면 옥연리 630유,332564,313710,정좌표,4773039037106300000,구주소,,경상북도 의성군 비안면 옥연리 630,37366,4773039000,비안면,4773039037,비안면 옥연리,비안면
381,비안면 옥연리 777-1,15.4,비안면 옥연리 777-1,331256,315110,정좌표,4773039037107770001,구주소,,경상북도 의성군 비안면 옥연리 777-1,37366,4773039000,비안면,4773039037,비안면 옥연리,비안면
382,비안면 용남리 570답,10.6,비안면 용남리 570답,331958,318058,정좌표,4773039039105700000,구주소,,경상북도 의성군 비안면 용남리 570,37364,4773039000,비안면,4773039039,비안면 용남리,비안면
383,비안면 용남리 105유,34.5,비안면 용남리 105유,332657,317528,정좌표,4773039039101050000,구주소,,경상북도 의성군 비안면 용남리 105,37364,4773039000,비안면,4773039039,비안면 용남리,비안면
384,비안면 용남리 8답,5.5,비안면 용남리 8답,333121,318066,정좌표,4773039039100080000,구주소,경상북도 의성군 비안면 내남길 91-6,경상북도 의성군 비안면 용남리 8,,4773039000,비안면,4773039039,비안면 용남리,비안면
385,비안면 이두리 401-1유,6.1,비안면 이두리 401-1유,333764,316884,정좌표,4773039040104010001,구주소,,경상북도 의성군 비안면 이두리 401-1,37364,4773039000,비안면,4773039040,비안면 이두리,비안면
386,비안면 이두리 561유,12.5,비안면 이두리 561유,333138,317210,정좌표,4773039040105610000,구주소,,경상북도 의성군 비안면 이두리 561,37364,4773039000,비안면,4773039040,비안면 이두리,비안면
387,비안면 이두리 16답,5.3,비안면 이두리 16답,335041,316330,정좌표,4773039040100160000,구주소,,경상북도 의성군 비안면 이두리 16,37364,4773039000,비안면,4773039040,비안면 이두리,비안면
388,비안면 외곡리 7-1유,7.8,비안면 외곡리 7-1유,335923,318138,정좌표,4773039041100070001,구주소,,경상북도 의성군 비안면 외곡리 7-1,,4773039000,비안면,4773039041,비안면 외곡리,비안면
389,비안면 외곡리 67유,11.0,비안면 외곡리 67유,335718,317605,정좌표,4773039041100670000,구주소,,경상북도 의성군 비안면 외곡리 67,37364,4773039000,비안면,4773039041,비안면 외곡리,비안면
390,비안면 외곡리 498-1유,5.5,비안면 외곡리 498-1유,334227,318207,정좌표,4773039041104980001,구주소,,경상북도 의성군 비안면 외곡리 498-1,37364,4773039000,비안면,4773039041,비안면 외곡리,비안면
391,비안면 외곡리 521유,11.0,비안면 외곡리 521유,333975,317550,정좌표,4773039041105210000,구주소,,경상북도 의성군 비안면 외곡리 521,37364,4773039000,비안면,4773039041,비안면 외곡리,비안면
392,비안면 자락리 78유,13.8,비안면 자락리 78유,336457,320121,정좌표,4773039042100780000,구주소,,경상북도 의성군 비안면 자락리 78,37364,4773039000,비안면,4773039042,비안면 자락리,비안면
393,비안면 자락리 14유,11.0,비안면 자락리 14유,336434,320825,정좌표,4773039042100140000,구주소,경상북도 의성군 비안면 자락길 53-1,경상북도 의성군 비안면 자락리 14,,4773039000,비안면,4773039042,비안면 자락리,비안면
394,비안면 자락리 448-1유,4.5,비안면 자락리 448-1유,334992,319847,정좌표,4773039042104480001,구주소,,경상북도 의성군 비안면 자락리 448-1,37364,4773039000,비안면,4773039042,비안면 자락리,비안면
395,비안면 자락리 453답,2.0,비안면 자락리 453답,335025,319651,정좌표,4773039042104530000,구주소,,경상북도 의성군 비안면 자락리 453,37364,4773039000,비안면,4773039042,비안면 자락리,비안면
396,비안면 자락리 603구,13.5,비안면 자락리 603구,335543,319753,정좌표,4773039042106030000,구주소,,경상북도 의성군 비안면 자락리 603,,4773039000,비안면,4773039042,비안면 자락리,비안면
397,비안면 자락리 172유,34.5,비안면 자락리 172유,336000,318996,정좌표,4773039042101720000,구주소,,경상북도 의성군 비안면 자락리 172,37364,4773039000,비안면,4773039042,비안면 자락리,비안면
398,비안면 자락리 150유,3.8,비안면 자락리 150유,336046,319627,정좌표,4773039042101500000,구주소,,경상북도 의성군 비안면 자락리 150,37364,4773039000,비안면,4773039042,비안면 자락리,비안면
399,비안면 자락리 116유,4.6,비안면 자락리 116유,336205,319955,정좌표,4773039042101160000,구주소,,경상북도 의성군 비안면 자락리 116,37364,4773039000,비안면,4773039042,비안면 자락리,비안면
400,비안면 현산리 26유,41.3,비안면 현산리 26유,336868,317765,정좌표,4773039043100260000,구주소,,경상북도 의성군 비안면 현산리 26,37365,4773039000,비안면,4773039043,비안면 현산리,비안면
401,비안면 현산리 124-3유,26.4,비안면 현산리 124-3유,336841,316363,정좌표,4773039043101240003,구주소,,경상북도 의성군 비안면 현산리 124-3,37365,4773039000,비안면,4773039043,비안면 현산리,비안면
402,비안면 산제리 1379유,164.0,비안면 산제리 1379유,338470,318819,정좌표,4773039044113790000,구주소,,경상북도 의성군 비안면 산제리 1379,37365,4773039000,비안면,4773039044,비안면 산제리,비안면
403,비안면 산제리 1506구,18.0,비안면 산제리 1506구,337967,321091,정좌표,4773039044115060000,구주소,,경상북도 의성군 비안면 산제리 1506,,4773039000,비안면,4773039044,비안면 산제리,비안면
404,비안면 산제리 554-2유,1.7,비안면 산제리 554-2유,338139,320952,정좌표,4773039044105540002,구주소,,경상북도 의성군 비안면 산제리 554-2,37365,4773039000,비안면,4773039044,비안면 산제리,비안면
405,비안면 산제리 1212유,9.0,비안면 산제리 1212유,338609,316726,정좌표,4773039044112120000,구주소,,경상북도 의성군 비안면 산제리 1212,37365,4773039000,비안면,4773039044,비안면 산제리,비안면
406,비안면 산제리 185유,3.0,비안면 산제리 185유,339235,317547,정좌표,4773039044101850000,구주소,,경상북도 의성군 비안면 산제리 185,37365,4773039000,비안면,4773039044,비안면 산제리,비안면
407,비안면 산제리 1297유,12.8,비안면 산제리 1297유,338068,317553,정좌표,4773039044112970000,구주소,,경상북도 의성군 비안면 산제리 1297,37365,4773039000,비안면,4773039044,비안면 산제리,비안면
408,비안면 산제리 1231-1답,21.0,비안면 산제리 1231-1답,338470,317182,정좌표,4773039044112310001,구주소,,경상북도 의성군 비안면 산제리 1231-1,37365,4773039000,비안면,4773039044,비안면 산제리,비안면
409,비안면 산제리 323유,31.0,비안면 산제리 323유,339270,317982,정좌표,4773039044103230000,구주소,,경상북도 의성군 비안면 산제리 323,37365,4773039000,비안면,4773039044,비안면 산제리,비안면
410,비안면 산제리 1450-1유,1.4,비안면 산제리 1450-1유,337473,318235,정좌표,4773039044114500001,구주소,,경상북도 의성군 비안면 산제리 1450-1,37365,4773039000,비안면,4773039044,비안면 산제리,비안면
411,비안면 산제리 50유,30.0,비안면 산제리 50유,339555,317211,정좌표,4773039044100500000,구주소,,경상북도 의성군 비안면 산제리 50,37365,4773039000,비안면,4773039044,비안면 산제리,비안면
412,비안면 산제리 137유,8.0,비안면 산제리 137유,339510,317188,정좌표,4773039044101370000,구주소,,경상북도 의성군 비안면 산제리 137,37365,4773039000,비안면,4773039044,비안면 산제리,비안면
413,비안면 산제리 600유,13.0,비안면 산제리 600유,337865,320050,정좌표,4773039044106000000,구주소,,경상북도 의성군 비안면 산제리 600,37365,4773039000,비안면,4773039044,비안면 산제리,비안면
414,비안면 산제리 549유,39.6,비안면 산제리 549유,338194,320874,정좌표,4773039044105490000,구주소,,경상북도 의성군 비안면 산제리 549,37365,4773039000,비안면,4773039044,비안면 산제리,비안면
415,비안면 산제리 185유,7.4,비안면 산제리 185유,339235,317547,정좌표,4773039044101850000,구주소,,경상북도 의성군 비안면 산제리 185,37365,4773039000,비안면,4773039044,비안면 산제리,비안면
416,비안면 산제리 1127유,2.2,비안면 산제리 1127유,338576,317249,정좌표,4773039044111270000,구주소,,경상북도 의성군 비안면 산제리 1127,37365,4773039000,비안면,4773039044,비안면 산제리,비안면
417,비안면 화신리 56-1유,17.0,비안면 화신리 56-1유,339932,316365,정좌표,4773039045100560001,구주소,,경상북도 의성군 비안면 화신리 56-1,37365,4773039000,비안면,4773039045,비안면 화신리,비안면
418,비안면 화신리 572유,16.0,비안면 화신리 572유,339922,315291,정좌표,4773039045105720000,구주소,,경상북도 의성군 비안면 화신리 572,37365,4773039000,비안면,4773039045,비안면 화신리,비안면
419,비안면 화신리 66-1유,17.0,비안면 화신리 66-1유,339807,316468,정좌표,4773039045100660001,구주소,,경상북도 의성군 비안면 화신리 66-1,37365,4773039000,비안면,4773039045,비안면 화신리,비안면
420,비안면 화신리 890유,53.0,비안면 화신리 890유,338249,315974,정좌표,4773039045108900000,구주소,,경상북도 의성군 비안면 화신리 890,37365,4773039000,비안면,4773039045,비안면 화신리,비안면
421,비안면 화신리 26,17.7,비안면 화신리 26,339842,315938,정좌표,4773039045100260000,구주소,,경상북도 의성군 비안면 화신리 26,37365,4773039000,비안면,4773039045,비안면 화신리,비안면
422,비안면 화신리 907유,4.8,비안면 화신리 907유,338335,314865,정좌표,4773039045109070000,구주소,,경상북도 의성군 비안면 화신리 907,37365,4773039000,비안면,4773039045,비안면 화신리,비안면
423,비안면 화신리 674답,4.2,비안면 화신리 674답,339439,314997,정좌표,4773039045106740000,구주소,,경상북도 의성군 비안면 화신리 674,37365,4773039000,비안면,4773039045,비안면 화신리,비안면
424,비안면 쌍계리 663유,11.5,비안면 쌍계리 663유,337667,314880,정좌표,4773039046106630000,구주소,,경상북도 의성군 비안면 쌍계리 663,37365,4773039000,비안면,4773039046,비안면 쌍계리,비안면
425,비안면 산제리 1476,0.45,비안면 산제리 1476,338464,319850,정좌표,4773039044114760000,구주소,경상북도 의성군 비안면 산제3길 78-7,경상북도 의성군 비안면 산제리 1476,,4773039000,비안면,4773039044,비안면 산제리,비안면
426,비안면 쌍계리 692답,28.5,비안면 쌍계리 692답,337766,315446,정좌표,4773039046106920000,구주소,,경상북도 의성군 비안면 쌍계리 692,,4773039000,비안면,4773039046,비안면 쌍계리,비안면
427,비안면 도암리 209-1유,190.1,비안면 도암리 209-1유,338554,312465,정좌표,4773039047102090001,구주소,,경상북도 의성군 비안면 도암리 209-1,37366,4773039000,비안면,4773039047,비안면 도암리,비안면
428,비안면 도암리 289답,16.2,비안면 도암리 289답,337552,312047,정좌표,4773039047102890000,구주소,,경상북도 의성군 비안면 도암리 289,37366,4773039000,비안면,4773039047,비안면 도암리,비안면
429,비안면 도암리 543-2유,13.8,비안면 도암리 543-2유,335792,312711,정좌표,4773039047105430002,구주소,,경상북도 의성군 비안면 도암리 543-2,37366,4773039000,비안면,4773039047,비안면 도암리,비안면
430,비안면 화신리 823,6.6,비안면 화신리 823,338701,316122,정좌표,4773039045108230000,구주소,,경상북도 의성군 비안면 화신리 823,37365,4773039000,비안면,4773039045,비안면 화신리,비안면
431,구천면 위성리 223,1.0,구천면 위성리 223,330525,315425,정좌표,4773040031102230000,구주소,,경상북도 의성군 구천면 위성리 223,37367,4773040000,구천면,4773040031,구천면 위성리,구천면
432,구천면 모흥리 307,36.0,구천면 모흥리 307,329762,316052,정좌표,4773040032103070000,구주소,,경상북도 의성군 구천면 모흥리 307,37368,4773040000,구천면,4773040032,구천면 모흥리,구천면
433,구천면 위성리 18,1.0,구천면 위성리 18,331115,318705,정좌표,4773040031100180000,구주소,,경상북도 의성군 구천면 위성리 18,37367,4773040000,구천면,4773040031,구천면 위성리,구천면
434,구천면 위성리 224-2,1.0,구천면 위성리 224-2,330407,315780,정좌표,4773040031102240002,구주소,,경상북도 의성군 구천면 위성리 224-2,37367,4773040000,구천면,4773040031,구천면 위성리,구천면
435,구천면 모흥리 464-1,0.5,구천면 모흥리 464-1,329353,313973,정좌표,4773040032104640001,구주소,경상북도 의성군 구천면 모흥3길 56-39,경상북도 의성군 구천면 모흥리 464-1,37368,4773040000,구천면,4773040032,구천면 모흥리,구천면
436,구천면 장국리 393,26.4,구천면 장국리 393,325091,315097,정좌표,4773040034103930000,구주소,,경상북도 의성군 구천면 장국리 393,37369,4773040000,구천면,4773040034,구천면 장국리,구천면
437,구천면 청산리 산182,5.0,구천면 청산리 산182,326441,314071,정좌표,4773040040201820000,구주소,,경상북도 의성군 구천면 청산리 산182,,4773040000,구천면,4773040040,구천면 청산리,구천면
438,구천면 장국리 433,19.0,구천면 장국리 433,324600,314144,정좌표,4773040034104330000,구주소,,경상북도 의성군 구천면 장국리 433,,4773040000,구천면,4773040034,구천면 장국리,구천면
439,구천면 소호리 500-1,1.0,구천면 소호리 500-1,326869,316042,정좌표,4773040035105000001,구주소,,경상북도 의성군 구천면 소호리 500-1,37369,4773040000,구천면,4773040035,구천면 소호리,구천면
440,구천면 소호리 562-1,13.0,구천면 소호리 562-1,326612,316138,정좌표,4773040035105620001,구주소,,경상북도 의성군 구천면 소호리 562-1,37369,4773040000,구천면,4773040035,구천면 소호리,구천면
441,구천면 소호리 1106,49.5,구천면 소호리 1106,325433,316263,정좌표,4773040035111060000,구주소,,경상북도 의성군 구천면 소호리 1106,37369,4773040000,구천면,4773040035,구천면 소호리,구천면
442,구천면 소호리 1089,9.0,구천면 소호리 1089,325052,316441,정좌표,4773040035110890000,구주소,,경상북도 의성군 구천면 소호리 1089,37369,4773040000,구천면,4773040035,구천면 소호리,구천면
443,구천면 소호리 1141,5.0,구천면 소호리 1141,324933,316108,정좌표,4773040035111410000,구주소,,경상북도 의성군 구천면 소호리 1141,,4773040000,구천면,4773040035,구천면 소호리,구천면
444,구천면 용사리 152-2,50.0,구천면 용사리 152-2,327428,317790,정좌표,4773040036101520002,구주소,,경상북도 의성군 구천면 용사리 152-2,37367,4773040000,구천면,4773040036,구천면 용사리,구천면
445,구천면 내산리 845,7.4,구천면 내산리 845,327180,318324,정좌표,4773040037108450000,구주소,,경상북도 의성군 구천면 내산리 845,37367,4773040000,구천면,4773040037,구천면 내산리,구천면
446,구천면 청산리 산98-1,40.0,구천면 청산리 산98-1,326590,312575,정좌표,4773040040200980001,구주소,,경상북도 의성군 구천면 청산리 산98-1,,4773040000,구천면,4773040040,구천면 청산리,구천면
447,구천면 조성리 26,24.96,구천면 조성리 26,328524,313805,정좌표,4773040033100260000,구주소,,경상북도 의성군 구천면 조성리 26,37368,4773040000,구천면,4773040033,구천면 조성리,구천면
448,구천면 청산리 산50-2,20.0,구천면 청산리 산50-2,326967,312213,정좌표,4773040040200500002,구주소,,경상북도 의성군 구천면 청산리 산50-2,,4773040000,구천면,4773040040,구천면 청산리,구천면
449,단밀면 용곡리 산64임,6.6,단밀면 용곡리 산64임,324324,315889,정좌표,4773041030200640000,구주소,,경상북도 의성군 단밀면 용곡리 산64,,4773041000,단밀면,4773041030,단밀면 용곡리,단밀면
450,단밀면 용곡리 1544유,10.0,단밀면 용곡리 1544유,323815,315815,정좌표,4773041030115440000,구주소,,경상북도 의성군 단밀면 용곡리 1544,37373,4773041000,단밀면,4773041030,단밀면 용곡리,단밀면
451,단밀면 위중리 1459유,15.8,단밀면 위중리 1459유,322586,318783,정좌표,4773041031114590000,구주소,,경상북도 의성군 단밀면 위중리 1459,37373,4773041000,단밀면,4773041031,단밀면 위중리,단밀면
452,단밀면 위중리 1332답,4.0,단밀면 위중리 1332답,322506,317061,정좌표,4773041031113320000,구주소,,경상북도 의성군 단밀면 위중리 1332,37373,4773041000,단밀면,4773041031,단밀면 위중리,단밀면
453,단밀면 위중리 산27-1,25.4,단밀면 위중리 산27-1,322493,317130,정좌표,4773041031200270001,구주소,,경상북도 의성군 단밀면 위중리 산27-1,,4773041000,단밀면,4773041031,단밀면 위중리,단밀면
454,단밀면 주선리 748유,8.3,단밀면 주선리 748유,322677,320366,정좌표,4773041032107480000,구주소,,경상북도 의성군 단밀면 주선리 748,37374,4773041000,단밀면,4773041032,단밀면 주선리,단밀면
455,단밀면 서제리 1068-1답,4.8,단밀면 서제리 1068-1답,322460,320535,정좌표,4773041033110680001,구주소,,경상북도 의성군 단밀면 서제리 1068-1,37374,4773041000,단밀면,4773041033,단밀면 서제리,단밀면
456,단밀면 팔등리 179유,61.0,단밀면 팔등리 179유,320767,322683,정좌표,4773041034101790000,구주소,,경상북도 의성군 단밀면 팔등리 179,37374,4773041000,단밀면,4773041034,단밀면 팔등리,단밀면
457,단밀면 팔등리 988답,4.4,단밀면 팔등리 988답,319800,322075,정좌표,4773041034109880000,구주소,,경상북도 의성군 단밀면 팔등리 988,37374,4773041000,단밀면,4773041034,단밀면 팔등리,단밀면
458,단밀면 서제리 340-2답,7.6,단밀면 서제리 340-2답,322445,320853,정좌표,4773041033103400002,구주소,,경상북도 의성군 단밀면 서제리 340-2,37374,4773041000,단밀면,4773041033,단밀면 서제리,단밀면
459,단밀면 생송리 544,4.4,단밀면 생송리 544,319591,319226,정좌표,4773041035105440000,구주소,,경상북도 의성군 단밀면 생송리 544,37375,4773041000,단밀면,4773041035,단밀면 생송리,단밀면
460,단밀면 생송리 산1-3구,6.5,단밀면 생송리 산1-3구,319598,321299,정좌표,4773041035200010003,구주소,,경상북도 의성군 단밀면 생송리 산1-3,,4773041000,단밀면,4773041035,단밀면 생송리,단밀면
461,단밀면 생송리 445-1,2.0,단밀면 생송리 445-1,320263,319127,정좌표,4773041035104450001,구주소,,경상북도 의성군 단밀면 생송리 445-1,37375,4773041000,단밀면,4773041035,단밀면 생송리,단밀면
462,단밀면 생송리 447,46.0,단밀면 생송리 447,320139,318401,정좌표,4773041035104470000,구주소,,경상북도 의성군 단밀면 생송리 447,37375,4773041000,단밀면,4773041035,단밀면 생송리,단밀면
463,단밀면 생송리 296답,18.6,단밀면 생송리 296답,321100,319303,정좌표,4773041035102960000,구주소,,경상북도 의성군 단밀면 생송리 296,37375,4773041000,단밀면,4773041035,단밀면 생송리,단밀면
464,단밀면 생송리 484,71.4,단밀면 생송리 484,319807,318326,정좌표,4773041035104840000,구주소,,경상북도 의성군 단밀면 생송리 484,37375,4773041000,단밀면,4773041035,단밀면 생송리,단밀면
465,단밀면 생송리 64유,54.4,단밀면 생송리 64유,321752,319366,정좌표,4773041035100640000,구주소,,경상북도 의성군 단밀면 생송리 64,37375,4773041000,단밀면,4773041035,단밀면 생송리,단밀면
466,단밀면 생송리 산51임,4.8,단밀면 생송리 산51임,321858,318803,정좌표,4773041035200510000,구주소,경상북도 의성군 단밀면 만경산길 25,경상북도 의성군 단밀면 생송리 산51,37375,4773041000,단밀면,4773041035,단밀면 생송리,단밀면
467,단밀면 생송리 132답,3.6,단밀면 생송리 132답,321117,320897,정좌표,4773041035101320000,구주소,,경상북도 의성군 단밀면 생송리 132,37375,4773041000,단밀면,4773041035,단밀면 생송리,단밀면
468,단밀면 생송리 1172,1.7,단밀면 생송리 1172,318918,320238,정좌표,4773041035111720000,구주소,,경상북도 의성군 단밀면 생송리 1172,37375,4773041000,단밀면,4773041035,단밀면 생송리,단밀면
469,단밀면 생송리 550,7.3,단밀면 생송리 550,319839,319831,정좌표,4773041035105500000,구주소,,경상북도 의성군 단밀면 생송리 550,37375,4773041000,단밀면,4773041035,단밀면 생송리,단밀면
470,단밀면 생송리 산67-15임,5.8,단밀면 생송리 산67-15임,320930,318973,정좌표,4773041035200670015,구주소,경상북도 의성군 단밀면 도안로 1360-136,경상북도 의성군 단밀면 생송리 산67-15,37375,4773041000,단밀면,4773041035,단밀면 생송리,단밀면
471,단밀면 생송리 1425,6.2,단밀면 생송리 1425,318403,318345,정좌표,4773041035114250000,구주소,,경상북도 의성군 단밀면 생송리 1425,37375,4773041000,단밀면,4773041035,단밀면 생송리,단밀면
472,단밀면 생송리 377답,2.6,단밀면 생송리 377답,320460,320981,정좌표,4773041035103770000,구주소,,경상북도 의성군 단밀면 생송리 377,37375,4773041000,단밀면,4773041035,단밀면 생송리,단밀면
473,단밀면 서제리 871답,25.5,단밀면 서제리 871답,322101,321566,정좌표,4773041033108710000,구주소,,경상북도 의성군 단밀면 서제리 871,37374,4773041000,단밀면,4773041033,단밀면 서제리,단밀면
474,단북면 노연리 348-2유,11.0,단북면 노연리 348-2유,327993,321636,정좌표,4773042029103480002,구주소,,경상북도 의성군 단북면 노연리 348-2,,4773042000,단북면,4773042029,단북면 노연리,단북면
475,안계면 용기리 80유,66.2,안계면 용기리 80유,330106,323549,정좌표,4773043030100800000,구주소,경상북도 의성군 안계면 용기4길 7-18,경상북도 의성군 안계면 용기리 80,37309,4773043000,안계면,4773043030,안계면 용기리,안계면
476,안계면 용기리 306-1유,28.0,안계면 용기리 306-1유,329382,323318,정좌표,4773043030103060001,구주소,,경상북도 의성군 안계면 용기리 306-1,37309,4773043000,안계면,4773043030,안계면 용기리,안계면
477,안계면 토매리 57답,9.0,안계면 토매리 57답,330130,321634,정좌표,4773043031100570000,구주소,,경상북도 의성군 안계면 토매리 57,37311,4773043000,안계면,4773043031,안계면 토매리,안계면
478,안계면 위양리 19-2유,9.0,안계면 위양리 19-2유,330936,320649,정좌표,4773043032100190002,구주소,,경상북도 의성군 안계면 위양리 19-2,37311,4773043000,안계면,4773043032,안계면 위양리,안계면
479,안계면 교촌리 134-2유,14.7,안계면 교촌리 134-2유,332323,318895,정좌표,4773043033101340002,구주소,,경상북도 의성군 안계면 교촌리 134-2,37310,4773043000,안계면,4773043033,안계면 교촌리,안계면
480,안계면 교촌리 294유,1.5,안계면 교촌리 294유,332077,320291,정좌표,4773043033102940000,구주소,,경상북도 의성군 안계면 교촌리 294,37310,4773043000,안계면,4773043033,안계면 교촌리,안계면
481,안계면 안정리 337유,192.0,안계면 안정리 337유,333307,319380,정좌표,4773043034103370000,구주소,,경상북도 의성군 안계면 안정리 337,37310,4773043000,안계면,4773043034,안계면 안정리,안계면
482,안계면 안정리 174-1유,14.1,안계면 안정리 174-1유,334292,320029,정좌표,4773043034101740001,구주소,,경상북도 의성군 안계면 안정리 174-1,37310,4773043000,안계면,4773043034,안계면 안정리,안계면
483,안계면 안정리 145유,9.6,안계면 안정리 145유,334397,321140,정좌표,4773043034101450000,구주소,,경상북도 의성군 안계면 안정리 145,37310,4773043000,안계면,4773043034,안계면 안정리,안계면
484,안계면 안정리 483-2유,6.0,안계면 안정리 483-2유,332803,320776,정좌표,4773043034104830002,구주소,,경상북도 의성군 안계면 안정리 483-2,37310,4773043000,안계면,4773043034,안계면 안정리,안계면
485,안계면 안정리 313유,14.1,안계면 안정리 313유,333022,318778,정좌표,4773043034103130000,구주소,경상북도 의성군 안계면 교화길 130-142,경상북도 의성군 안계면 안정리 313,37310,4773043000,안계면,4773043034,안계면 안정리,안계면
486,안계면 안정리 산2임,2.0,안계면 안정리 산2임,334879,321926,정좌표,4773043034200020000,구주소,,경상북도 의성군 안계면 안정리 산2,,4773043000,안계면,4773043034,안계면 안정리,안계면
487,안계면 안정리 24-1유,21.0,안계면 안정리 24-1유,334091,322017,정좌표,4773043034100240001,구주소,,경상북도 의성군 안계면 안정리 24-1,,4773043000,안계면,4773043034,안계면 안정리,안계면
488,안계면 봉양리 472유,21.39,안계면 봉양리 472유,331393,320395,정좌표,4773043035104720000,구주소,,경상북도 의성군 안계면 봉양리 472,37310,4773043000,안계면,4773043035,안계면 봉양리,안계면
489,안계면 봉양리 37유,18.0,안계면 봉양리 37유,332760,321883,정좌표,4773043035100370000,구주소,,경상북도 의성군 안계면 봉양리 37,,4773043000,안계면,4773043035,안계면 봉양리,안계면
490,안계면 도덕리 17-1유,48.0,안계면 도덕리 17-1유,332628,323828,정좌표,4773043036100170001,구주소,,경상북도 의성군 안계면 도덕리 17-1,,4773043000,안계면,4773043036,안계면 도덕리,안계면
491,안계면 도덕리 172-1유,10.6,안계면 도덕리 172-1유,332342,322732,정좌표,4773043036101720001,구주소,,경상북도 의성군 안계면 도덕리 172-1,37307,4773043000,안계면,4773043036,안계면 도덕리,안계면
492,안계면 도덕리 1011-1유,32.5,안계면 도덕리 1011-1유,330888,325875,정좌표,4773043036110110001,구주소,,경상북도 의성군 안계면 도덕리 1011-1,37307,4773043000,안계면,4773043036,안계면 도덕리,안계면
493,안계면 도덕리 882유,16.0,안계면 도덕리 882유,331399,324323,정좌표,4773043036108820000,구주소,,경상북도 의성군 안계면 도덕리 882,37307,4773043000,안계면,4773043036,안계면 도덕리,안계면
494,안계면 도덕리 313-2유,11.5,안계면 도덕리 313-2유,331555,323683,정좌표,4773043036103130002,구주소,,경상북도 의성군 안계면 도덕리 313-2,37307,4773043000,안계면,4773043036,안계면 도덕리,안계면
495,안계면 도덕리 46-1유,19.2,안계면 도덕리 46-1유,332702,323369,정좌표,4773043036100460001,구주소,,경상북도 의성군 안계면 도덕리 46-1,,4773043000,안계면,4773043036,안계면 도덕리,안계면
496,안계면 양곡리 885-1유,34.1,안계면 양곡리 885-1유,328627,326069,정좌표,4773043037108850001,구주소,,경상북도 의성군 안계면 양곡리 885-1,37308,4773043000,안계면,4773043037,안계면 양곡리,안계면
497,안계면 양곡리 296유,44.7,안계면 양곡리 296유,329144,325115,정좌표,4773043037102960000,구주소,,경상북도 의성군 안계면 양곡리 296,37308,4773043000,안계면,4773043037,안계면 양곡리,안계면
498,안계면 양곡리 901유,87.9,안계면 양곡리 901유,327966,326239,정좌표,4773043037109010000,구주소,,경상북도 의성군 안계면 양곡리 901,37308,4773043000,안계면,4773043037,안계면 양곡리,안계면
499,안계면 양곡리 123유,34.0,안계면 양곡리 123유,329844,325621,정좌표,4773043037101230000,구주소,,경상북도 의성군 안계면 양곡리 123,37308,4773043000,안계면,4773043037,안계면 양곡리,안계면
500,안계면 양곡리 59-1유,16.4,안계면 양곡리 59-1유,329755,324784,정좌표,4773043037100590001,구주소,,경상북도 의성군 안계면 양곡리 59-1,37308,4773043000,안계면,4773043037,안계면 양곡리,안계면
501,다인면 송호리 662-2대,13.9,다인면 송호리 662-2대,323704,329703,정좌표,4773044039106620002,구주소,,경상북도 의성군 다인면 송호리 662-2,37302,4773044000,다인면,4773044039,다인면 송호리,다인면
502,다인면 평림리 117유,11.4,다인면 평림리 117유,322582,330658,정좌표,4773044041101170000,구주소,,경상북도 의성군 다인면 평림리 117,37303,4773044000,다인면,4773044041,다인면 평림리,다인면
503,다인면 평림리 716유,12.5,다인면 평림리 716유,321581,331559,정좌표,4773044041107160000,구주소,,경상북도 의성군 다인면 평림리 716,,4773044000,다인면,4773044041,다인면 평림리,다인면
504,다인면 평림리 747-1유,5.3,다인면 평림리 747-1유,321831,331416,정좌표,4773044041107470001,구주소,,경상북도 의성군 다인면 평림리 747-1,,4773044000,다인면,4773044041,다인면 평림리,다인면
505,다인면 평림리 169-1유,23.5,다인면 평림리 169-1유,322278,331018,정좌표,4773044041101690001,구주소,,경상북도 의성군 다인면 평림리 169-1,37303,4773044000,다인면,4773044041,다인면 평림리,다인면
506,다인면 덕지리 1158-1유,14.6,다인면 덕지리 1158-1유,318857,330421,정좌표,4773044042111580001,구주소,,경상북도 의성군 다인면 덕지리 1158-1,,4773044000,다인면,4773044042,다인면 덕지리,다인면
507,다인면 덕지리 324유,20.5,다인면 덕지리 324유,319214,330938,정좌표,4773044042103240000,구주소,,경상북도 의성군 다인면 덕지리 324,37300,4773044000,다인면,4773044042,다인면 덕지리,다인면
508,다인면 덕미리 458-1유,8.9,다인면 덕미리 458-1유,320080,332729,정좌표,4773044043104580001,구주소,,경상북도 의성군 다인면 덕미리 458-1,37300,4773044000,다인면,4773044043,다인면 덕미리,다인면
509,다인면 덕미리 389유,20.0,다인면 덕미리 389유,320428,333830,정좌표,4773044043103890000,구주소,,경상북도 의성군 다인면 덕미리 389,37300,4773044000,다인면,4773044043,다인면 덕미리,다인면
510,다인면 덕미리 313-1유,6.3,다인면 덕미리 313-1유,321156,334037,정좌표,4773044043103130001,구주소,,경상북도 의성군 다인면 덕미리 313-1,37300,4773044000,다인면,4773044043,다인면 덕미리,다인면
511,다인면 덕미리 686유,14.8,다인면 덕미리 686유,320470,331555,정좌표,4773044043106860000,구주소,,경상북도 의성군 다인면 덕미리 686,37300,4773044000,다인면,4773044043,다인면 덕미리,다인면
512,다인면 덕미리 546-2유,12.2,다인면 덕미리 546-2유,320465,332035,정좌표,4773044043105460002,구주소,,경상북도 의성군 다인면 덕미리 546-2,37300,4773044000,다인면,4773044043,다인면 덕미리,다인면
513,다인면 용곡리 690-1유,18.6,다인면 용곡리 690-1유,320483,336671,정좌표,4773044045106900001,구주소,,경상북도 의성군 다인면 용곡리 690-1,37300,4773044000,다인면,4773044045,다인면 용곡리,다인면
514,다인면 봉정리 15유,15.7,다인면 봉정리 15유,326190,331798,정좌표,4773044046100150000,구주소,,경상북도 의성군 다인면 봉정리 15,,4773044000,다인면,4773044046,다인면 봉정리,다인면
515,다인면 달제리 17유,9.5,다인면 달제리 17유,327150,329345,정좌표,4773044047100170000,구주소,,경상북도 의성군 다인면 달제리 17,37301,4773044000,다인면,4773044047,다인면 달제리,다인면
516,다인면 달제리 1643-1유,12.8,다인면 달제리 1643-1유,323513,331016,정좌표,4773044047116430001,구주소,,경상북도 의성군 다인면 달제리 1643-1,,4773044000,다인면,4773044047,다인면 달제리,다인면
517,다인면 달제리 1165유,8.8,다인면 달제리 1165유,326067,331114,정좌표,4773044047111650000,구주소,,경상북도 의성군 다인면 달제리 1165,37301,4773044000,다인면,4773044047,다인면 달제리,다인면
518,다인면 삼분리 450-1유,24.5,다인면 삼분리 450-1유,326985,326850,정좌표,4773044048104500001,구주소,,경상북도 의성군 다인면 삼분리 450-1,37302,4773044000,다인면,4773044048,다인면 삼분리,다인면
519,다인면 삼분리 393유,74.5,다인면 삼분리 393유,327219,326544,정좌표,4773044048103930000,구주소,,경상북도 의성군 다인면 삼분리 393,37302,4773044000,다인면,4773044048,다인면 삼분리,다인면
543,안평면 창길리 1453유,67.0,안평면 창길리 1453유,340775,322146,정좌표,4773046034114530000,구주소,,경상북도 의성군 안평면 창길리 1453,,4773046000,안평면,4773046034,안평면 창길리,안평면
544,안평면 창길리 762유,7.7,안평면 창길리 762유,340803,323057,정좌표,4773046034107620000,구주소,,경상북도 의성군 안평면 창길리 762,37316,4773046000,안평면,4773046034,안평면 창길리,안평면
545,안평면 창길리 317-1유,27.3,안평면 창길리 317-1유,342736,323923,정좌표,4773046034103170001,구주소,,경상북도 의성군 안평면 창길리 317-1,37316,4773046000,안평면,4773046034,안평면 창길리,안평면
546,안평면 창길리 1496,5.2,안평면 창길리 1496,340063,322079,정좌표,4773046034114960000,구주소,,경상북도 의성군 안평면 창길리 1496,,4773046000,안평면,4773046034,안평면 창길리,안평면
547,안평면 창길리 598답,3.0,안평면 창길리 598답,341022,322828,정좌표,4773046034105980000,구주소,,경상북도 의성군 안평면 창길리 598,37316,4773046000,안평면,4773046034,안평면 창길리,안평면
548,안평면 평팔리 산186,4.2,안평면 평팔리 산186,343573,320894,인근좌표,47730,구주소,,경상북도 의성군 안평면 산186,,4773046000,안평면,4773046000,안평면,안평면
549,안평면 창길리 1,2.4,안평면 창길리 1,343512,324129,정좌표,4773046034100010000,구주소,경상북도 의성군 안평면 안평일직길 302-30,경상북도 의성군 안평면 창길리 1,37316,4773046000,안평면,4773046034,안평면 창길리,안평면
550,안평면 창길리 1305유,19.0,안평면 창길리 1305유,341877,321608,정좌표,4773046034113050000,구주소,,경상북도 의성군 안평면 창길리 1305,37316,4773046000,안평면,4773046034,안평면 창길리,안평면
551,안평면 창길리 92,29.0,안평면 창길리 92,342808,324408,정좌표,4773046034100920000,구주소,,경상북도 의성군 안평면 창길리 92,37316,4773046000,안평면,4773046034,안평면 창길리,안평면
556,안평면 박곡리 128유,23.8,안평면 박곡리 128유,344432,323336,정좌표,4773046036101280000,구주소,,경상북도 의성군 안평면 박곡리 128,37318,4773046000,안평면,4773046036,안평면 박곡리,안평면
557,안평면 박곡리 566유,44.0,안평면 박곡리 566유,343567,321366,정좌표,4773046036105660000,구주소,,경상북도 의성군 안평면 박곡리 566,37318,4773046000,안평면,4773046036,안평면 박곡리,안평면
558,안평면 박곡리 135유,1.6,안평면 박곡리 135유,344428,323508,정좌표,4773046036101350000,구주소,,경상북도 의성군 안평면 박곡리 135,37318,4773046000,안평면,4773046036,안평면 박곡리,안평면
559,안평면 창길리 1079,4.4,안평면 창길리 1079,341761,321982,정좌표,4773046034110790000,구주소,,경상북도 의성군 안평면 창길리 1079,37316,4773046000,안평면,4773046034,안평면 창길리,안평면
560,안평면 석탑리 17,19.8,안평면 석탑리 17,348148,320663,정좌표,4773046037100170000,구주소,,경상북도 의성군 안평면 석탑리 17,,4773046000,안평면,4773046037,안평면 석탑리,안평면
561,안평면 석탑리 780,7.7,안평면 석탑리 780,346358,321882,정좌표,4773046037107800000,구주소,,경상북도 의성군 안평면 석탑리 780,37318,4773046000,안평면,4773046037,안평면 석탑리,안평면
562,안평면 석탑리 890,4.6,안평면 석탑리 890,346472,322565,정좌표,4773046037108900000,구주소,,경상북도 의성군 안평면 석탑리 890,37318,4773046000,안평면,4773046037,안평면 석탑리,안평면
563,안평면 석탑리 815,9.9,안평면 석탑리 815,347076,321652,정좌표,4773046037108150000,구주소,,경상북도 의성군 안평면 석탑리 815,37318,4773046000,안평면,4773046037,안평면 석탑리,안평면
564,안평면 석탑리 1242,8.1,안평면 석탑리 1242,345701,323729,정좌표,4773046037112420000,구주소,,경상북도 의성군 안평면 석탑리 1242,37318,4773046000,안평면,4773046037,안평면 석탑리,안평면
565,안평면 석탑리 619,11.6,안평면 석탑리 619,345337,321511,정좌표,4773046037106190000,구주소,,경상북도 의성군 안평면 석탑리 619,37318,4773046000,안평면,4773046037,안평면 석탑리,안평면
566,안평면 신월리 317-1유,5.4,안평면 신월리 317-1유,347001,318653,정좌표,4773046038103170001,구주소,,경상북도 의성군 안평면 신월리 317-1,37318,4773046000,안평면,4773046038,안평면 신월리,안평면
567,안평면 신월리 512,2.2,안평면 신월리 512,346905,318944,정좌표,4773046038105120000,구주소,,경상북도 의성군 안평면 신월리 512,37318,4773046000,안평면,4773046038,안평면 신월리,안평면
568,안평면 신월리 27,8.1,안평면 신월리 27,347920,319894,정좌표,4773046038100270000,구주소,,경상북도 의성군 안평면 신월리 27,37318,4773046000,안평면,4773046038,안평면 신월리,안평면
569,안평면 신월리 813,6.8,안평면 신월리 813,346125,319716,정좌표,4773046038108130000,구주소,,경상북도 의성군 안평면 신월리 813,37318,4773046000,안평면,4773046038,안평면 신월리,안평면
570,안평면 신월리 250-1,8.0,안평면 신월리 250-1,347904,318183,정좌표,4773046038102500001,구주소,,경상북도 의성군 안평면 신월리 250-1,37318,4773046000,안평면,4773046038,안평면 신월리,안평면
571,안평면 신월리 1055,24.7,안평면 신월리 1055,345968,320688,정좌표,4773046038110550000,구주소,,경상북도 의성군 안평면 신월리 1055,37318,4773046000,안평면,4773046038,안평면 신월리,안평면
572,안평면 신월리 49-2,16.4,안평면 신월리 49-2,347992,319570,정좌표,4773046038100490002,구주소,,경상북도 의성군 안평면 신월리 49-2,37318,4773046000,안평면,4773046038,안평면 신월리,안평면
573,안평면 신월리 988,2.9,안평면 신월리 988,346061,320156,정좌표,4773046038109880000,구주소,,경상북도 의성군 안평면 신월리 988,37318,4773046000,안평면,4773046038,안평면 신월리,안평면
574,안평면 신월리 613-1,5.3,안평면 신월리 613-1,346357,318905,정좌표,4773046038106130001,구주소,,경상북도 의성군 안평면 신월리 613-1,37318,4773046000,안평면,4773046038,안평면 신월리,안평면
575,안평면 신월리 1181,1.3,안평면 신월리 1181,345921,320022,정좌표,4773046038111810000,구주소,,경상북도 의성군 안평면 신월리 1181,37318,4773046000,안평면,4773046038,안평면 신월리,안평면
576,안평면 신월리 1150,5.8,안평면 신월리 1150,345541,320433,정좌표,4773046038111500000,구주소,,경상북도 의성군 안평면 신월리 1150,37318,4773046000,안평면,4773046038,안평면 신월리,안평면
587,안평면 대사리 1159-1,5.0,안평면 대사리 1159-1,340349,317786,정좌표,4773046040111590001,구주소,,경상북도 의성군 안평면 대사리 1159-1,37319,4773046000,안평면,4773046040,안평면 대사리,안평면
588,안평면 대사리 319,4.8,안평면 대사리 319,342418,316224,정좌표,4773046040103190000,구주소,,경상북도 의성군 안평면 대사리 319,37319,4773046000,안평면,4773046040,안평면 대사리,안평면
589,안평면 대사리 1101,13.5,안평면 대사리 1101,340407,318373,정좌표,4773046040111010000,구주소,,경상북도 의성군 안평면 대사리 1101,37319,4773046000,안평면,4773046040,안평면 대사리,안평면
590,안평면 대사리 895,24.8,안평면 대사리 895,340685,317436,정좌표,4773046040108950000,구주소,,경상북도 의성군 안평면 대사리 895,37319,4773046000,안평면,4773046040,안평면 대사리,안평면
591,안평면 대사리 780,6.1,안평면 대사리 780,341069,316842,정좌표,4773046040107800000,구주소,,경상북도 의성군 안평면 대사리 780,37319,4773046000,안평면,4773046040,안평면 대사리,안평면
592,안평면 도옥리 829유,3.2,안평면 도옥리 829유,341971,318821,정좌표,4773046041108290000,구주소,,경상북도 의성군 안평면 도옥리 829,,4773046000,안평면,4773046041,안평면 도옥리,안평면
593,안평면 도옥리 838,4.1,안평면 도옥리 838,341867,318968,정좌표,4773046041108380000,구주소,,경상북도 의성군 안평면 도옥리 838,,4773046000,안평면,4773046041,안평면 도옥리,안평면
594,안평면 도옥리 507유,38.5,안평면 도옥리 507유,342429,317753,정좌표,4773046041105070000,구주소,,경상북도 의성군 안평면 도옥리 507,37319,4773046000,안평면,4773046041,안평면 도옥리,안평면
595,안평면 도옥리 310답,4.0,안평면 도옥리 310답,342667,318715,정좌표,4773046041103100000,구주소,,경상북도 의성군 안평면 도옥리 310,37319,4773046000,안평면,4773046041,안평면 도옥리,안평면
596,안평면 마전리 459유,2.8,안평면 마전리 459유,340124,319128,정좌표,4773046042104590000,구주소,,경상북도 의성군 안평면 마전리 459,37317,4773046000,안평면,4773046042,안평면 마전리,안평면
597,안평면 마전리 419유,13.3,안평면 마전리 419유,340817,319990,정좌표,4773046042104190000,구주소,,경상북도 의성군 안평면 마전리 419,37317,4773046000,안평면,4773046042,안평면 마전리,안평면
598,안평면 마전리 616유,3.6,안평면 마전리 616유,340040,318799,정좌표,4773046042106160000,구주소,,경상북도 의성군 안평면 마전리 616,37317,4773046000,안평면,4773046042,안평면 마전리,안평면
599,안평면 기도리 1235유,93.8,안평면 기도리 1235유,339280,320911,정좌표,4773046043112350000,구주소,,경상북도 의성군 안평면 기도리 1235,37317,4773046000,안평면,4773046043,안평면 기도리,안평면
600,안평면 기도리 503유,2.4,안평면 기도리 503유,341062,320322,정좌표,4773046043105030000,구주소,,경상북도 의성군 안평면 기도리 503,37317,4773046000,안평면,4773046043,안평면 기도리,안평면
601,안평면 기도리 1123유,1.3,안평면 기도리 1123유,339687,320495,정좌표,4773046043111230000,구주소,,경상북도 의성군 안평면 기도리 1123,37317,4773046000,안평면,4773046043,안평면 기도리,안평면
602,안평면 금곡리 869-1유,8.5,안평면 금곡리 869-1유,336642,325342,정좌표,4773046044108690001,구주소,,경상북도 의성군 안평면 금곡리 869-1,37316,4773046000,안평면,4773046044,안평면 금곡리,안평면
603,안평면 금곡리 493-1,6.8,안평면 금곡리 493-1,336970,322771,정좌표,4773046044104930001,구주소,,경상북도 의성군 안평면 금곡리 493-1,37316,4773046000,안평면,4773046044,안평면 금곡리,안평면
604,안평면 금곡리 379,4.2,안평면 금곡리 379,338247,323867,정좌표,4773046044103790000,구주소,,경상북도 의성군 안평면 금곡리 379,37316,4773046000,안평면,4773046044,안평면 금곡리,안평면
605,안평면 금곡리 470,25.9,안평면 금곡리 470,338003,322599,정좌표,4773046044104700000,구주소,,경상북도 의성군 안평면 금곡리 470,37316,4773046000,안평면,4773046044,안평면 금곡리,안평면
606,안평면 금곡리 306유,6.6,안평면 금곡리 306유,338869,322808,정좌표,4773046044103060000,구주소,,경상북도 의성군 안평면 금곡리 306,37316,4773046000,안평면,4773046044,안평면 금곡리,안평면
607,안평면 금곡리 148유,1.3,안평면 금곡리 148유,339335,323431,정좌표,4773046044101480000,구주소,,경상북도 의성군 안평면 금곡리 148,37316,4773046000,안평면,4773046044,안평면 금곡리,안평면
608,안평면 금곡리 626답,2.8,안평면 금곡리 626답,337500,324083,정좌표,4773046044106260000,구주소,,경상북도 의성군 안평면 금곡리 626,37316,4773046000,안평면,4773046044,안평면 금곡리,안평면
609,안평면 하령리 50-1,12.5,안평면 하령리 50-1,340954,324028,정좌표,4773046045100500001,구주소,,경상북도 의성군 안평면 하령리 50-1,,4773046000,안평면,4773046045,안평면 하령리,안평면
610,안평면 하령리 131유,3.8,안평면 하령리 131유,341014,323703,정좌표,4773046045101310000,구주소,,경상북도 의성군 안평면 하령리 131,37316,4773046000,안평면,4773046045,안평면 하령리,안평면
611,안평면 삼춘리 131-2,5.4,안평면 삼춘리 131-2,341637,327084,정좌표,4773046046101310002,구주소,,경상북도 의성군 안평면 삼춘리 131-2,,4773046000,안평면,4773046046,안평면 삼춘리,안평면
612,안평면 삼춘리 468유,4.3,안평면 삼춘리 468유,340568,327995,정좌표,4773046046104680000,구주소,,경상북도 의성군 안평면 삼춘리 468,37316,4773046000,안평면,4773046046,안평면 삼춘리,안평면
613,안평면 삼춘리 1077유,17.4,안평면 삼춘리 1077유,338194,326907,정좌표,4773046046110770000,구주소,,경상북도 의성군 안평면 삼춘리 1077,37316,4773046000,안평면,4773046046,안평면 삼춘리,안평면
614,안평면 삼춘리 998유,49.2,안평면 삼춘리 998유,339190,325329,정좌표,4773046046109980000,구주소,,경상북도 의성군 안평면 삼춘리 998,37316,4773046000,안평면,4773046046,안평면 삼춘리,안평면
615,안평면 삼춘리 508유,2.0,안평면 삼춘리 508유,340000,327776,정좌표,4773046046105080000,구주소,,경상북도 의성군 안평면 삼춘리 508,37316,4773046000,안평면,4773046046,안평면 삼춘리,안평면
616,안사면 중하리 502유,11.0,안사면 중하리 502유,334259,325698,정좌표,4773047021105020000,구주소,,경상북도 의성군 안사면 중하리 502,37306,4773047000,안사면,4773047021,안사면 중하리,안사면
617,안사면 중하리 3유,11.8,안사면 중하리 3유,335632,322365,정좌표,4773047021100030000,구주소,경상북도 의성군 안사면 중하길 534,경상북도 의성군 안사면 중하리 3,,4773047000,안사면,4773047021,안사면 중하리,안사면
618,안사면 중하리 883유,27.0,안사면 중하리 883유,332886,326085,정좌표,4773047021108830000,구주소,,경상북도 의성군 안사면 중하리 883,37306,4773047000,안사면,4773047021,안사면 중하리,안사면
619,안사면 중하리 642유,13.2,안사면 중하리 642유,333684,323454,정좌표,4773047021106420000,구주소,,경상북도 의성군 안사면 중하리 642,37306,4773047000,안사면,4773047021,안사면 중하리,안사면
620,안사면 중하리 1100유,9.4,안사면 중하리 1100유,332697,324951,정좌표,4773047021111000000,구주소,,경상북도 의성군 안사면 중하리 1100,37306,4773047000,안사면,4773047021,안사면 중하리,안사면
621,안사면 안사리 391유,7.0,안사면 안사리 391유,331724,326872,정좌표,4773047022103910000,구주소,,경상북도 의성군 안사면 안사리 391,37306,4773047000,안사면,4773047022,안사면 안사리,안사면
622,안사면 안사리 407유,4.0,안사면 안사리 407유,332136,326819,정좌표,4773047022104070000,구주소,,경상북도 의성군 안사면 안사리 407,37306,4773047000,안사면,4773047022,안사면 안사리,안사면
623,안사면 안사리 303유,31.7,안사면 안사리 303유,331753,327840,정좌표,4773047022103030000,구주소,경상북도 의성군 안사면 안신로 1038-5,경상북도 의성군 안사면 안사리 303,37306,4773047000,안사면,4773047022,안사면 안사리,안사면
624,안사면 안사리 25유,4.5,안사면 안사리 25유,333506,327877,정좌표,4773047022100250000,구주소,,경상북도 의성군 안사면 안사리 25,37306,4773047000,안사면,4773047022,안사면 안사리,안사면
625,안사면 안사리 507유,8.0,안사면 안사리 507유,332134,326285,정좌표,4773047022105070000,구주소,,경상북도 의성군 안사면 안사리 507,37306,4773047000,안사면,4773047022,안사면 안사리,안사면
626,안사면 안사리 329 유,7.7,안사면 안사리 329 유,332007,327996,정좌표,4773047022103290000,구주소,,경상북도 의성군 안사면 안사리 329,37306,4773047000,안사면,4773047022,안사면 안사리,안사면
627,안사면 만리리 595-2답,2.1,안사면 만리리 595-2답,330491,327976,정좌표,4773047023105950002,구주소,,경상북도 의성군 안사면 만리리 595-2,37306,4773047000,안사면,4773047023,안사면 만리리,안사면
628,안사면 만리리 546유,5.1,안사면 만리리 546유,330252,327811,정좌표,4773047023105460000,구주소,,경상북도 의성군 안사면 만리리 546,37306,4773047000,안사면,4773047023,안사면 만리리,안사면
629,안사면 만리리 16임,15.0,안사면 만리리 16임,331017,329500,정좌표,4773047023100160000,구주소,,경상북도 의성군 안사면 만리리 16,,4773047000,안사면,4773047023,안사면 만리리,안사면
630,안사면 만리리 1002-1유,13.8,안사면 만리리 1002-1유,328627,328705,정좌표,4773047023110020001,구주소,,경상북도 의성군 안사면 만리리 1002-1,37306,4773047000,안사면,4773047023,안사면 만리리,안사면
631,안사면 만리리 943유,21.0,안사면 만리리 943유,329207,327470,정좌표,4773047023109430000,구주소,,경상북도 의성군 안사면 만리리 943,37306,4773047000,안사면,4773047023,안사면 만리리,안사면
632,안사면 만리리 580-1,25.0,안사면 만리리 580-1,330587,327740,정좌표,4773047023105800001,구주소,,경상북도 의성군 안사면 만리리 580-1,37306,4773047000,안사면,4773047023,안사면 만리리,안사면
633,안사면 신수리 산120임,5.9,안사면 신수리 산120임,328707,329835,정좌표,4773047024201200000,구주소,,경상북도 의성군 안사면 신수리 산120,,4773047000,안사면,4773047024,안사면 신수리,안사면
634,안사면 신수리 33유,9.2,안사면 신수리 33유,330629,331765,정좌표,4773047024100330000,구주소,,경상북도 의성군 안사면 신수리 33,37306,4773047000,안사면,4773047024,안사면 신수리,안사면
635,안사면 신수리 84답,2.2,안사면 신수리 84답,329603,331935,정좌표,4773047024100840000,구주소,,경상북도 의성군 안사면 신수리 84,37306,4773047000,안사면,4773047024,안사면 신수리,안사면
636,안사면 월소리 251-3유,2.6,안사면 월소리 251-3유,328299,333793,정좌표,4773047025102510003,구주소,,경상북도 의성군 안사면 월소리 251-3,37305,4773047000,안사면,4773047025,안사면 월소리,안사면
637,안사면 월소리 136-1유,12.3,안사면 월소리 136-1유,328620,333420,정좌표,4773047025101360001,구주소,,경상북도 의성군 안사면 월소리 136-1,37305,4773047000,안사면,4773047025,안사면 월소리,안사면
638,안사면 월소리 1000유,16.5,안사면 월소리 1000유,326440,334103,정좌표,4773047025110000000,구주소,,경상북도 의성군 안사면 월소리 1000,37305,4773047000,안사면,4773047025,안사면 월소리,안사면
639,안사면 월소리 366유,15.0,안사면 월소리 366유,327805,333174,정좌표,4773047025103660000,구주소,,경상북도 의성군 안사면 월소리 366,37305,4773047000,안사면,4773047025,안사면 월소리,안사면
640,안사면 월소리 541,7.2,안사면 월소리 541,328483,331267,정좌표,4773047025105410000,구주소,,경상북도 의성군 안사면 월소리 541,37305,4773047000,안사면,4773047025,안사면 월소리,안사면
641,안사면 월소리 521구,15.0,안사면 월소리 521구,328326,331478,정좌표,4773047025105210000,구주소,,경상북도 의성군 안사면 월소리 521,37305,4773047000,안사면,4773047025,안사면 월소리,안사면
642,안사면 쌍호리 368유,10.0,안사면 쌍호리 368유,327501,335002,정좌표,4773047026103680000,구주소,,경상북도 의성군 안사면 쌍호리 368,37305,4773047000,안사면,4773047026,안사면 쌍호리,안사면
643,단촌면 후평리 188-01,35.0,단촌면 후평리 188-01,354215,327955,정좌표,4773031038101880001,구주소,,경상북도 의성군 단촌면 후평리 188-1,37320,4773031000,단촌면,4773031038,단촌면 후평리,단촌면
644,점곡면 동변리 524,798.5,점곡면 동변리 524,360339,328145,정좌표,4773032033105240000,구주소,,경상북도 의성군 점곡면 동변리 524,37321,4773032000,점곡면,4773032033,점곡면 동변리,점곡면
645,점곡면 사촌리 496,6.7,점곡면 사촌리 496,357111,326997,정좌표,4773032034104960000,구주소,,경상북도 의성군 점곡면 사촌리 496,37321,4773032000,점곡면,4773032034,점곡면 사촌리,점곡면
646,점곡면 송내리 66,20.5,점곡면 송내리 66,356606,327098,정좌표,4773032035100660000,구주소,,경상북도 의성군 점곡면 송내리 66,37321,4773032000,점곡면,4773032035,점곡면 송내리,점곡면
647,점곡면 윤암리 112,4.0,점곡면 윤암리 112,360162,325090,정좌표,4773032036101120000,구주소,,경상북도 의성군 점곡면 윤암리 112,37325,4773032000,점곡면,4773032036,점곡면 윤암리,점곡면
656,가음면 양지리 164,4703.87,가음면 양지리 164,356473,304827,정좌표,4773036030101640000,구주소,,경상북도 의성군 가음면 양지리 164,37358,4773036000,가음면,4773036030,가음면 양지리,가음면
657,구천면 위성리 210,159.0,구천면 위성리 210,330868,316318,정좌표,4773040031102100000,구주소,,경상북도 의성군 구천면 위성리 210,37367,4773040000,구천면,4773040031,구천면 위성리,구천면
658,구천면 노연리 185,3597.0,구천면 노연리 185,328829,316568,인근좌표,47730,구주소,,경상북도 의성군 구천면 185,,4773040000,구천면,4773040000,구천면,구천면
659,단밀면 위중리 1219,828.0,단밀면 위중리 1219,323418,318775,정좌표,4773041031112190000,구주소,,경상북도 의성군 단밀면 위중리 1219,37373,4773041000,단밀면,4773041031,단밀면 위중리,단밀면
660,단북면 노연리 396,8.0,단북면 노연리 396,327925,322087,정좌표,4773042029103960000,구주소,,경상북도 의성군 단북면 노연리 396,,4773042000,단북면,4773042029,단북면 노연리,단북면
661,단북면 정안리 478,49.0,단북면 정안리 478,327367,323379,정좌표,4773042030104780000,구주소,,경상북도 의성군 단북면 정안리 478,37372,4773042000,단북면,4773042030,단북면 정안리,단북면
662,단북면 정안리 935-01,20.0,단북면 정안리 935-01,326552,321644,정좌표,4773042030109350001,구주소,,경상북도 의성군 단북면 정안리 935-1,37372,4773042000,단북면,4773042030,단북면 정안리,단북면
666,단북면 효제리 485,6.0,단북면 효제리 485,324059,323482,정좌표,4773042032104850000,구주소,,경상북도 의성군 단북면 효제리 485,37370,4773042000,단북면,4773042032,단북면 효제리,단북면
667,단북면 성암리 843,8.0,단북면 성암리 843,323327,323414,정좌표,4773042033108430000,구주소,,경상북도 의성군 단북면 성암리 843,37370,4773042000,단북면,4773042033,단북면 성암리,단북면
668,안계면 용기리 169,32.0,안계면 용기리 169,329730,322432,정좌표,4773043030101690000,구주소,,경상북도 의성군 안계면 용기리 169,37309,4773043000,안계면,4773043030,안계면 용기리,안계면
669,안계면 봉양리 851,1271.0,안계면 봉양리 851,330834,321326,정좌표,4773043035108510000,구주소,경상북도 의성군 안계면 봉양길 72-22,경상북도 의성군 안계면 봉양리 851,37310,4773043000,안계면,4773043035,안계면 봉양리,안계면
670,안계면 시안리 357,20.0,안계면 시안리 357,328131,322490,정좌표,4773043038103570000,구주소,,경상북도 의성군 안계면 시안리 357,37309,4773043000,안계면,4773043038,안계면 시안리,안계면
671,안계면 시안리 185,23.9,안계면 시안리 185,328041,323946,정좌표,4773043038101850000,구주소,,경상북도 의성군 안계면 시안리 185,37308,4773043000,안계면,4773043038,안계면 시안리,안계면
672,안계면 양곡리 413,32.0,안계면 양곡리 413,328922,323819,정좌표,4773043037104130000,구주소,,경상북도 의성군 안계면 양곡리 413,37308,4773043000,안계면,4773043037,안계면 양곡리,안계면
673,안계면 시안리 295,23.0,안계면 시안리 295,328277,323005,정좌표,4773043038102950000,구주소,,경상북도 의성군 안계면 시안리 295,37309,4773043000,안계면,4773043038,안계면 시안리,안계면
674,다인면 산내리 167,27.0,다인면 산내리 167,319887,326263,정좌표,4773044037101670000,구주소,,경상북도 의성군 다인면 산내리 167,37304,4773044000,다인면,4773044037,다인면 산내리,다인면
675,다인면 가원리 1279-1,18.0,다인면 가원리 1279-1,320439,326010,정좌표,4773044038112790001,구주소,,경상북도 의성군 다인면 가원리 1279-1,37304,4773044000,다인면,4773044038,다인면 가원리,다인면
676,다인면 송호리 24,9.1,다인면 송호리 24,324279,328652,정좌표,4773044039100240000,구주소,경상북도 의성군 다인면 송호2길 73,경상북도 의성군 다인면 송호리 24,,4773044000,다인면,4773044039,다인면 송호리,다인면
677,다인면 도암리 999,15.0,다인면 도암리 999,320806,329124,정좌표,4773044040109990000,구주소,,경상북도 의성군 다인면 도암리 999,37303,4773044000,다인면,4773044040,다인면 도암리,다인면
678,다인면 도암리 539-01,21.0,다인면 도암리 539-01,321949,329679,정좌표,4773044040105390001,구주소,,경상북도 의성군 다인면 도암리 539-1,37303,4773044000,다인면,4773044040,다인면 도암리,다인면
679,다인면 도암리 61,615.0,다인면 도암리 61,322471,329709,정좌표,4773044040100610000,구주소,,경상북도 의성군 다인면 도암리 61,37303,4773044000,다인면,4773044040,다인면 도암리,다인면
680,다인면 덕지리 521,3.3,다인면 덕지리 521,319509,328142,정좌표,4773044042105210000,구주소,,경상북도 의성군 다인면 덕지리 521,37300,4773044000,다인면,4773044042,다인면 덕지리,다인면
681,다인면 삼분리 650,97.5,다인면 삼분리 650,326586,325569,정좌표,4773044048106500000,구주소,,경상북도 의성군 다인면 삼분리 650,37302,4773044000,다인면,4773044048,다인면 삼분리,다인면
682,다인면 삼분리 1073,25.0,다인면 삼분리 1073,325965,325410,정좌표,4773044048110730000,구주소,,경상북도 의성군 다인면 삼분리 1073,37302,4773044000,다인면,4773044048,다인면 삼분리,다인면
683,다인면 삼분리 1814,35.0,다인면 삼분리 1814,324582,325261,정좌표,4773044048118140000,구주소,,경상북도 의성군 다인면 삼분리 1814,,4773044000,다인면,4773044048,다인면 삼분리,다인면
684,다인면 삼분리 1351,9.8,다인면 삼분리 1351,325413,326290,정좌표,4773044048113510000,구주소,,경상북도 의성군 다인면 삼분리 1351,37302,4773044000,다인면,4773044048,다인면 삼분리,다인면
685,다인면 삼분리 1310-01,35.0,다인면 삼분리 1310-01,326117,326432,인근좌표,47730,구주소,,경상북도 의성군 다인면 삼분리 1310,,4773044000,다인면,4773044048,다인면 삼분리,다인면
686,다인면 외정리 496,38.0,다인면 외정리 496,323991,326940,정좌표,4773044049104960000,구주소,,경상북도 의성군 다인면 외정리 496,37302,4773044000,다인면,4773044049,다인면 외정리,다인면
687,다인면 외정리 107-01,9.0,다인면 외정리 107-01,325209,327222,정좌표,4773044049101070001,구주소,,경상북도 의성군 다인면 외정리 107-1,37302,4773044000,다인면,4773044049,다인면 외정리,다인면
688,다인면 외정리 232,12.0,다인면 외정리 232,324236,327781,정좌표,4773044049102320000,구주소,,경상북도 의성군 다인면 외정리 232,37302,4773044000,다인면,4773044049,다인면 외정리,다인면
689,다인면 달제리 484,53.0,다인면 달제리 484,325814,327849,정좌표,4773044047104840000,구주소,,경상북도 의성군 다인면 달제리 484,37301,4773044000,다인면,4773044047,다인면 달제리,다인면
690,다인면 외정리 295,9.0,다인면 외정리 295,324725,327791,정좌표,4773044049102950000,구주소,,경상북도 의성군 다인면 외정리 295,37302,4773044000,다인면,4773044049,다인면 외정리,다인면
691,다인면 신락리 137,41.0,다인면 신락리 137,323819,325678,정좌표,4773044050101370000,구주소,,경상북도 의성군 다인면 신락리 137,37304,4773044000,다인면,4773044050,다인면 신락리,다인면
692,다인면 신락리 63,3.2,다인면 신락리 63,323784,324910,정좌표,4773044050100630000,구주소,경상북도 의성군 다인면 신락3길 31-1,경상북도 의성군 다인면 신락리 63,37304,4773044000,다인면,4773044050,다인면 신락리,다인면
693,안평면 삼춘리 147-1,223.0,안평면 삼춘리 147-1,341811,326062,정좌표,4773046046101470001,구주소,,경상북도 의성군 안평면 삼춘리 147-1,,4773046000,안평면,4773046046,안평면 삼춘리,안평면
695,안사면 중하리 126,913.2,안사면 중하리 126,335189,323302,정좌표,4773047021101260000,구주소,,경상북도 의성군 안사면 중하리 126,37306,4773047000,안사면,4773047021,안사면 중하리,안사면
696,비안면 현산리 250-1,372.87,비안면 현산리 250-1,336933,317123,정좌표,4773039043102500001,구주소,,경상북도 의성군 비안면 현산리 250-1,37365,4773039000,비안면,4773039043,비안면 현산리,비안면
