emd_code,emd_name,total_population,youth_population,youth_ratio,elderly_population,elderly_ratio,population_change,year
4773045000,신평면,798,34,4.260651629072681,462,57.89473684210527,7,2025
4773044000,다인면,3543,296,8.354501834603443,1983,55.96951735817104,-53,2025
4773043000,안계면,4208,575,13.664448669201521,1772,42.11026615969582,-43,2025
4773042000,단북면,1631,117,7.173513182096873,902,55.30349478847333,-39,2025
4773041000,단밀면,1569,119,7.58444869343531,840,53.53728489483748,-37,2025
4773040000,구천면,1618,106,6.551297898640297,941,58.15822002472187,-64,2025
4773039000,비안면,2465,177,7.1805273833671395,1366,55.41582150101419,-74,2025
4773038000,봉양면,3799,399,10.502763885232955,1785,46.986048960252695,-33,2025
4773034000,사곡면,1500,80,5.333333333333334,882,58.8,-18,2025
4773036000,가음면,1396,85,6.088825214899714,797,57.09169054441261,-32,2025
4773035000,춘산면,1465,88,6.006825938566553,841,57.40614334470989,-17,2025
4773033000,옥산면,1654,98,5.92503022974607,899,54.35308343409916,-43,2025
4773032000,점곡면,1476,101,6.842818428184281,880,59.62059620596206,-30,2025
4773031000,단촌면,1820,122,6.7032967032967035,1025,56.31868131868132,-6,2025
4773025000,의성읍,12086,1873,15.497269568095318,4338,35.89276849247063,-210,2025
4773046000,안평면,2053,108,5.260594252313687,1225,59.6687773989284,5,2025
4773037000,금성면,3988,321,8.049147442326982,2154,54.01203610832498,-80,2025
4773047000,안사면,833,62,7.44297719087635,478,57.38295318127251,-21,2025
