pond_id,address,region,emd_name,capacity,coordinate_source,coordinate_correction_applied,coordinate_group_id,coordinate_group_size,coordinate_quality,coordinate_validation,sgis_analysis_eligible
1,의성읍 중리리 82유,의성읍,의성읍,12.4,시군구 좌표,False,352275_318212,41,DUPLICATED_COORDINATE,UNVERIFIED_ADMIN_POINT,False
2,의성읍 중리리 237-1유,의성읍,의성읍,4.3,시군구 좌표,False,352275_318212,41,DUPLICATED_COORDINATE,UNVERIFIED_ADMIN_POINT,False
3,의성읍 중리리 산 46-2 임,의성읍,의성읍,2.2,시군구 좌표,False,352275_318212,41,DUPLICATED_COORDINATE,UNVERIFIED_ADMIN_POINT,False
4,의성읍 중리리 산60-5구,의성읍,의성읍,2.0,시군구 좌표,False,352275_318212,41,DUPLICATED_COORDINATE,UNVERIFIED_ADMIN_POINT,False
5,의성읍 상리리 43유,의성읍,의성읍,9.3,시군구 좌표,False,352275_318212,41,DUPLICATED_COORDINATE,UNVERIFIED_ADMIN_POINT,False
6,의성읍 상리리 50-3유,의성읍,의성읍,1.1,시군구 좌표,False,352275_318212,41,DUPLICATED_COORDINATE,UNVERIFIED_ADMIN_POINT,False
7,의성읍 상리리 16-1유,의성읍,의성읍,15.6,시군구 좌표,False,352275_318212,41,DUPLICATED_COORDINATE,UNVERIFIED_ADMIN_POINT,False
8,의성읍 상리리 296답,의성읍,의성읍,1.0,시군구 좌표,False,352275_318212,41,DUPLICATED_COORDINATE,UNVERIFIED_ADMIN_POINT,False
9,의성읍 도동리 27유,의성읍,의성읍,13.5,시군구 좌표,False,352275_318212,41,DUPLICATED_COORDINATE,UNVERIFIED_ADMIN_POINT,False
10,의성읍 오로리 716-1유,의성읍,의성읍,165.0,시군구 좌표,False,352275_318212,41,DUPLICATED_COORDINATE,UNVERIFIED_ADMIN_POINT,False
11,의성읍 오로리 895유,의성읍,의성읍,15.0,시군구 좌표,False,352275_318212,41,DUPLICATED_COORDINATE,UNVERIFIED_ADMIN_POINT,False
12,의성읍 비봉리 570-1유,의성읍,의성읍,40.0,시군구 좌표,False,352275_318212,41,DUPLICATED_COORDINATE,UNVERIFIED_ADMIN_POINT,False
13,의성읍 비봉리 1009유,의성읍,의성읍,19.0,시군구 좌표,False,352275_318212,41,DUPLICATED_COORDINATE,UNVERIFIED_ADMIN_POINT,False
14,의성읍 비봉리 105-1유,의성읍,의성읍,9.9,시군구 좌표,False,352275_318212,41,DUPLICATED_COORDINATE,UNVERIFIED_ADMIN_POINT,False
15,의성읍 비봉리 360유,의성읍,의성읍,7.0,시군구 좌표,False,352275_318212,41,DUPLICATED_COORDINATE,UNVERIFIED_ADMIN_POINT,False
16,의성읍 비봉리 697유,의성읍,의성읍,0.44,시군구 좌표,False,352275_318212,41,DUPLICATED_COORDINATE,UNVERIFIED_ADMIN_POINT,False
17,의성읍 비봉리 535유,의성읍,의성읍,0.56,시군구 좌표,False,352275_318212,41,DUPLICATED_COORDINATE,UNVERIFIED_ADMIN_POINT,False
18,의성읍 비봉리 894-3유,의성읍,의성읍,0.4,시군구 좌표,False,352275_318212,41,DUPLICATED_COORDINATE,UNVERIFIED_ADMIN_POINT,False
19,의성읍 팔성리 449,의성읍,의성읍,2.0,시군구 좌표,False,352275_318212,41,DUPLICATED_COORDINATE,UNVERIFIED_ADMIN_POINT,False
20,의성읍 팔성리 560유,의성읍,의성읍,20.3,시군구 좌표,False,352275_318212,41,DUPLICATED_COORDINATE,UNVERIFIED_ADMIN_POINT,False
21,의성읍 팔성리 321유,의성읍,의성읍,42.0,시군구 좌표,False,352275_318212,41,DUPLICATED_COORDINATE,UNVERIFIED_ADMIN_POINT,False
22,의성읍 팔성리 395유,의성읍,의성읍,5.8,시군구 좌표,False,352275_318212,41,DUPLICATED_COORDINATE,UNVERIFIED_ADMIN_POINT,False
23,의성읍 오로리 847-4,의성읍,의성읍,2.0,시군구 좌표,False,352275_318212,41,DUPLICATED_COORDINATE,UNVERIFIED_ADMIN_POINT,False
24,의성읍 팔성리 730,의성읍,의성읍,11.4,시군구 좌표,False,352275_318212,41,DUPLICATED_COORDINATE,UNVERIFIED_ADMIN_POINT,False
25,의성읍 팔성리 846답,의성읍,의성읍,0.4,시군구 좌표,False,352275_318212,41,DUPLICATED_COORDINATE,UNVERIFIED_ADMIN_POINT,False
26,의성읍 용연리 512유,의성읍,의성읍,93.4,시군구 좌표,False,352275_318212,41,DUPLICATED_COORDINATE,UNVERIFIED_ADMIN_POINT,False
27,의성읍 용연리 151유,의성읍,의성읍,17.6,시군구 좌표,False,352275_318212,41,DUPLICATED_COORDINATE,UNVERIFIED_ADMIN_POINT,False
28,의성읍 용연리 296답,의성읍,의성읍,2.2,시군구 좌표,False,352275_318212,41,DUPLICATED_COORDINATE,UNVERIFIED_ADMIN_POINT,False
29,의성읍 상리리 210,의성읍,의성읍,3.6,시군구 좌표,False,352275_318212,41,DUPLICATED_COORDINATE,UNVERIFIED_ADMIN_POINT,False
30,의성읍 철파리 502유,의성읍,의성읍,18.5,시군구 좌표,False,352275_318212,41,DUPLICATED_COORDINATE,UNVERIFIED_ADMIN_POINT,False
31,의성읍 철파리 36유,의성읍,의성읍,7.0,시군구 좌표,False,352275_318212,41,DUPLICATED_COORDINATE,UNVERIFIED_ADMIN_POINT,False
32,의성읍 업리 202유,의성읍,의성읍,4.0,시군구 좌표,False,352275_318212,41,DUPLICATED_COORDINATE,UNVERIFIED_ADMIN_POINT,False
33,의성읍 업리 470유,의성읍,의성읍,19.0,시군구 좌표,False,352275_318212,41,DUPLICATED_COORDINATE,UNVERIFIED_ADMIN_POINT,False
34,의성읍 업리 850유,의성읍,의성읍,3.0,시군구 좌표,False,352275_318212,41,DUPLICATED_COORDINATE,UNVERIFIED_ADMIN_POINT,False
35,의성읍 업리 244유,의성읍,의성읍,6.0,시군구 좌표,False,352275_318212,41,DUPLICATED_COORDINATE,UNVERIFIED_ADMIN_POINT,False
36,의성읍 업리 306답,의성읍,의성읍,9.2,시군구 좌표,False,352275_318212,41,DUPLICATED_COORDINATE,UNVERIFIED_ADMIN_POINT,False
37,의성읍 업리 922-1유,의성읍,의성읍,0.5,시군구 좌표,False,352275_318212,41,DUPLICATED_COORDINATE,UNVERIFIED_ADMIN_POINT,False
38,의성읍 업리 871유,의성읍,의성읍,1.5,시군구 좌표,False,352275_318212,41,DUPLICATED_COORDINATE,UNVERIFIED_ADMIN_POINT,False
39,의성읍 업리 148유,의성읍,의성읍,11.7,시군구 좌표,False,352275_318212,41,DUPLICATED_COORDINATE,UNVERIFIED_ADMIN_POINT,False
40,의성읍 업리 1141유,의성읍,의성읍,19.3,시군구 좌표,False,352275_318212,41,DUPLICATED_COORDINATE,UNVERIFIED_ADMIN_POINT,False
41,의성읍 업리 393,의성읍,의성읍,2.9,시군구 좌표,False,352275_318212,41,DUPLICATED_COORDINATE,UNVERIFIED_ADMIN_POINT,False
42,단촌면 세촌리 1319유,단촌면,단촌면,4.6,정좌표,False,347892_326140,1,UNIQUE,RELIABLE_POINT,True
43,단촌면 하화리 117유,단촌면,단촌면,52.5,정좌표,False,352731_324361,1,UNIQUE,RELIABLE_POINT,True
44,단촌면 하화리 209유,단촌면,단촌면,10.6,정좌표,False,352190_324695,1,UNIQUE,RELIABLE_POINT,True
45,단촌면 하화리 223유,단촌면,단촌면,0.9,정좌표,False,352091_325047,1,UNIQUE,RELIABLE_POINT,True
46,단촌면 하화리 1213임,단촌면,단촌면,0.8,정좌표,False,349025_324639,1,UNIQUE,RELIABLE_POINT,True
47,단촌면 상화리 32유,단촌면,단촌면,47.0,정좌표,False,354442_322681,1,UNIQUE,RELIABLE_POINT,True
48,단촌면 상화리 산56임,단촌면,단촌면,4.3,정좌표,False,354334_323310,1,UNIQUE,RELIABLE_POINT,True
49,단촌면 상화리 569-1유,단촌면,단촌면,16.5,정좌표,False,353806_323939,1,UNIQUE,RELIABLE_POINT,True
50,단촌면 상화리 632답,단촌면,단촌면,4.4,정좌표,False,353520_324217,1,UNIQUE,RELIABLE_POINT,True
51,단촌면 관덕리 624 유,단촌면,단촌면,9.1,정좌표,False,352707_325808,1,UNIQUE,RELIABLE_POINT,True
52,단촌면 병방리 산55임,단촌면,단촌면,5.5,정좌표,False,355613_324499,1,UNIQUE,RELIABLE_POINT,True
53,단촌면 병방리 641유,단촌면,단촌면,21.2,정좌표,False,355358_324775,1,UNIQUE,RELIABLE_POINT,True
54,단촌면 병방리 705유,단촌면,단촌면,21.9,정좌표,False,353620_325603,1,UNIQUE,RELIABLE_POINT,True
55,단촌면 병방리 889유,단촌면,단촌면,0.8,정좌표,False,353711_326774,1,UNIQUE,RELIABLE_POINT,True
56,단촌면 병방리 375유,단촌면,단촌면,0.8,정좌표,False,354276_326391,1,UNIQUE,RELIABLE_POINT,True
57,단촌면 구계리 산124임,단촌면,단촌면,4.7,정좌표,False,358082_332078,1,UNIQUE,RELIABLE_POINT,True
58,단촌면 구계리 산220 임,단촌면,단촌면,2.0,정좌표,False,356616_329991,1,UNIQUE,RELIABLE_POINT,True
59,단촌면 구계리 291유,단촌면,단촌면,9.5,정좌표,False,355329_330911,1,UNIQUE,RELIABLE_POINT,True
60,단촌면 구계리 937유,단촌면,단촌면,8.1,정좌표,False,353663_331609,1,UNIQUE,RELIABLE_POINT,True
61,단촌면 구계리 733유,단촌면,단촌면,3.5,정좌표,False,354147_329074,1,UNIQUE,RELIABLE_POINT,True
62,단촌면 구계리 905유,단촌면,단촌면,0.3,정좌표,False,354244_331469,1,UNIQUE,RELIABLE_POINT,True
63,단촌면 방하리 1225유,단촌면,단촌면,22.3,정좌표,False,348399_323305,1,UNIQUE,RELIABLE_POINT,True
64,단촌면 방하리 730 유,단촌면,단촌면,10.2,정좌표,False,348957_321706,1,UNIQUE,RELIABLE_POINT,True
65,단촌면 방하리 896유,단촌면,단촌면,2.4,정좌표,False,348254_321747,1,UNIQUE,RELIABLE_POINT,True
66,단촌면 방하리 1249-1,단촌면,단촌면,3.3,정좌표,False,348171_323783,1,UNIQUE,RELIABLE_POINT,True
67,단촌면 방하리 298유,단촌면,단촌면,27.1,정좌표,False,348925_323326,1,UNIQUE,RELIABLE_POINT,True
68,단촌면 방하리 1273답,단촌면,단촌면,0.3,정좌표,False,347367_322928,1,UNIQUE,RELIABLE_POINT,True
69,단촌면 방하리 828-2유,단촌면,단촌면,1.9,정좌표,False,349101_321318,1,UNIQUE,RELIABLE_POINT,True
70,단촌면 방하리 110임,단촌면,단촌면,2.8,정좌표,False,349818_323854,1,UNIQUE,RELIABLE_POINT,True
71,단촌면 방하리 1337 유,단촌면,단촌면,2.0,정좌표,False,347781_322146,1,UNIQUE,RELIABLE_POINT,True
72,단촌면 장림리 169유,단촌면,단촌면,17.0,정좌표,False,347305_323387,1,UNIQUE,RELIABLE_POINT,True
73,단촌면 장림리 산10임,단촌면,단촌면,9.3,정좌표,False,347997_324346,1,UNIQUE,RELIABLE_POINT,True
74,단촌면 장림리 616유,단촌면,단촌면,13.8,정좌표,False,346771_325437,1,UNIQUE,RELIABLE_POINT,True
75,단촌면 장림리 103유,단촌면,단촌면,7.0,정좌표,False,347574_324386,1,UNIQUE,RELIABLE_POINT,True
76,단촌면 장림리 821유,단촌면,단촌면,2.0,정좌표,False,346268_323955,1,UNIQUE,RELIABLE_POINT,True
77,단촌면 장림리 1010-1유,단촌면,단촌면,14.8,정좌표,False,344737_325064,1,UNIQUE,RELIABLE_POINT,True
78,단촌면 장림리 982유,단촌면,단촌면,1.5,정좌표,False,344912_325107,1,UNIQUE,RELIABLE_POINT,True
79,점곡면 황룡리 107유,점곡면,점곡면,23.3,정좌표,False,357898_317288,1,UNIQUE,RELIABLE_POINT,True
80,점곡면 황룡리 412유,점곡면,점곡면,7.4,정좌표,False,357490_318609,1,UNIQUE,RELIABLE_POINT,True
81,점곡면 황룡리 493답,점곡면,점곡면,6.6,정좌표,False,357018_319448,1,UNIQUE,RELIABLE_POINT,True
82,점곡면 황룡리 384유,점곡면,점곡면,14.27,정좌표,False,357585_318909,1,UNIQUE,RELIABLE_POINT,True
83,점곡면 황룡리 371유,점곡면,점곡면,1.1,정좌표,False,357549_318300,1,UNIQUE,RELIABLE_POINT,True
84,점곡면 황룡리 산32임,점곡면,점곡면,356.0,정좌표,False,357569_318024,1,UNIQUE,RELIABLE_POINT,True
85,점곡면 구암리 271유,점곡면,점곡면,4.0,정좌표,False,357541_320632,1,UNIQUE,RELIABLE_POINT,True
86,점곡면 구암리 78유,점곡면,점곡면,19.6,정좌표,False,358738_320065,1,UNIQUE,RELIABLE_POINT,True
87,점곡면 구암리 658-1,점곡면,점곡면,11.2,정좌표,False,359053_318556,1,UNIQUE,RELIABLE_POINT,True
88,점곡면 구암리 664유,점곡면,점곡면,18.4,정좌표,False,358662_318412,1,UNIQUE,RELIABLE_POINT,True
89,점곡면 구암리 120유,점곡면,점곡면,52.0,정좌표,False,359348_319981,1,UNIQUE,RELIABLE_POINT,True
90,점곡면 명고리 767유,점곡면,점곡면,32.0,정좌표,False,356697_320910,1,UNIQUE,RELIABLE_POINT,True
91,점곡면 명고리 757유,점곡면,점곡면,8.0,정좌표,False,356418_321274,1,UNIQUE,RELIABLE_POINT,True
92,점곡면 명고리 362유,점곡면,점곡면,78.4,정좌표,False,356907_323024,1,UNIQUE,RELIABLE_POINT,True
93,점곡면 명고리 363유,점곡면,점곡면,96.9,정좌표,False,356657_323093,1,UNIQUE,RELIABLE_POINT,True
94,점곡면 동변리 702유,점곡면,점곡면,6.5,정좌표,False,360759_326469,1,UNIQUE,RELIABLE_POINT,True
95,점곡면 동변리 118-1유,점곡면,점곡면,3.4,정좌표,False,360498_329881,1,UNIQUE,RELIABLE_POINT,True
96,점곡면 동변리 299유,점곡면,점곡면,5.0,정좌표,False,361853_328137,1,UNIQUE,RELIABLE_POINT,True
97,점곡면 사촌리 32답,점곡면,점곡면,4.0,정좌표,False,358267_330154,1,UNIQUE,RELIABLE_POINT,True
98,점곡면 송내리 456유,점곡면,점곡면,6.1,정좌표,False,355491_327506,1,UNIQUE,RELIABLE_POINT,True
99,점곡면 윤암리 808,점곡면,점곡면,0.6,정좌표,False,359613_322626,1,UNIQUE,RELIABLE_POINT,True
100,점곡면 윤암리 916유,점곡면,점곡면,5.8,정좌표,False,358440_321486,1,UNIQUE,RELIABLE_POINT,True
101,점곡면 윤암리 289유,점곡면,점곡면,4.4,정좌표,False,359312_325146,1,UNIQUE,RELIABLE_POINT,True
102,점곡면 윤암리 678유,점곡면,점곡면,17.4,정좌표,False,359795_322974,1,UNIQUE,RELIABLE_POINT,True
103,점곡면 윤암리 1022유,점곡면,점곡면,21.3,정좌표,False,359426_321689,1,UNIQUE,RELIABLE_POINT,True
188,춘산면 옥정리 895유,춘산면,춘산면,26.7,정좌표,False,363015_304007,1,UNIQUE,RELIABLE_POINT,True
189,춘산면 옥정리 1186,춘산면,춘산면,6.6,정좌표,False,362762_303070,1,UNIQUE,RELIABLE_POINT,True
190,춘산면 옥정리 480유,춘산면,춘산면,13.2,정좌표,False,362560_304935,1,UNIQUE,RELIABLE_POINT,True
191,춘산면 옥정리 875유,춘산면,춘산면,12.3,정좌표,False,362609_304016,1,UNIQUE,RELIABLE_POINT,True
192,춘산면 옥정리 253유,춘산면,춘산면,3.8,정좌표,False,362546_305953,1,UNIQUE,RELIABLE_POINT,True
193,춘산면 옥정리 568,춘산면,춘산면,2.0,정좌표,False,363037_304837,1,UNIQUE,RELIABLE_POINT,True
194,춘산면 금오리 37유,춘산면,춘산면,10.8,정좌표,False,370023_302381,1,UNIQUE,RELIABLE_POINT,True
195,춘산면 금오리 산61임,춘산면,춘산면,8.0,정좌표,False,368714_302687,1,UNIQUE,RELIABLE_POINT,True
196,춘산면 금오리 382-1유,춘산면,춘산면,6.4,정좌표,False,368301_303505,1,UNIQUE,RELIABLE_POINT,True
197,춘산면 신흥리 782답,춘산면,춘산면,5.4,정좌표,False,365682_305190,1,UNIQUE,RELIABLE_POINT,True
198,춘산면 신흥리 535 유,춘산면,춘산면,11.3,정좌표,False,365433_304339,1,UNIQUE,RELIABLE_POINT,True
199,춘산면 신흥리 480답,춘산면,춘산면,5.0,정좌표,False,366024_305116,1,UNIQUE,RELIABLE_POINT,True
200,춘산면 신흥리 126유,춘산면,춘산면,33.0,정좌표,False,367912_307045,1,UNIQUE,RELIABLE_POINT,True
201,춘산면 신흥리 144,춘산면,춘산면,3.0,정좌표,False,368320_306892,1,UNIQUE,RELIABLE_POINT,True
202,춘산면 대사리 516유,춘산면,춘산면,8.4,정좌표,False,363671_307891,1,UNIQUE,RELIABLE_POINT,True
203,춘산면 대사리 186유,춘산면,춘산면,3.8,정좌표,False,364773_306571,1,UNIQUE,RELIABLE_POINT,True
204,춘산면 대사리 147 유,춘산면,춘산면,3.7,정좌표,False,364671_307906,1,UNIQUE,RELIABLE_POINT,True
213,춘산면 빙계리 142유,춘산면,춘산면,58.3,정좌표,False,359800_306520,1,UNIQUE,RELIABLE_POINT,True
214,춘산면 빙계리 109유,춘산면,춘산면,28.3,정좌표,False,359507_306787,1,UNIQUE,RELIABLE_POINT,True
215,춘산면 사미리 645-1답,춘산면,춘산면,17.3,인근좌표,False,357648_307759,1,UNIQUE,UNVERIFIED_NEARBY_POINT,False
216,춘산면 사미리 292유,춘산면,춘산면,3.2,정좌표,False,357623_306941,1,UNIQUE,RELIABLE_POINT,True
217,춘산면 사미리 618답,춘산면,춘산면,15.8,정좌표,False,357239_307748,1,UNIQUE,RELIABLE_POINT,True
218,춘산면 사미리 921유,춘산면,춘산면,6.0,정좌표,False,357688_308177,1,UNIQUE,RELIABLE_POINT,True
219,춘산면 효선리 62유,춘산면,춘산면,23.9,정좌표,False,361907_308857,1,UNIQUE,RELIABLE_POINT,True
220,춘산면 효선리 1011유,춘산면,춘산면,0.8,정좌표,False,358016_308579,1,UNIQUE,RELIABLE_POINT,True
221,춘산면 효선리 1213답,춘산면,춘산면,0.7,정좌표,False,357814_309030,1,UNIQUE,RELIABLE_POINT,True
222,춘산면 효선리 342유,춘산면,춘산면,2.2,정좌표,False,359712_309308,1,UNIQUE,RELIABLE_POINT,True
223,춘산면 효선리 356유,춘산면,춘산면,16.0,정좌표,False,359980_309329,1,UNIQUE,RELIABLE_POINT,True
224,춘산면 효선리 1029유,춘산면,춘산면,15.4,정좌표,False,358041_308279,1,UNIQUE,RELIABLE_POINT,True
225,가음면 장리 499유,가음면,가음면,4.8,정좌표,False,356203_306477,1,UNIQUE,RELIABLE_POINT,True
226,가음면 장리 176유,가음면,가음면,18.9,정좌표,False,355919_305682,1,UNIQUE,RELIABLE_POINT,True
227,가음면 장리 828유,가음면,가음면,5.7,정좌표,False,355210_306276,1,UNIQUE,RELIABLE_POINT,True
228,가음면 장리 738유,가음면,가음면,11.0,정좌표,False,354814_306393,1,UNIQUE,RELIABLE_POINT,True
229,가음면 장리 1271유,가음면,가음면,59.4,정좌표,False,354919_305550,1,UNIQUE,RELIABLE_POINT,True
230,가음면 장리 436유,가음면,가음면,6.6,정좌표,False,355810_306168,1,UNIQUE,RELIABLE_POINT,True
231,가음면 장리 393유,가음면,가음면,3.3,정좌표,False,355385_306380,1,UNIQUE,RELIABLE_POINT,True
232,가음면 장리 624유,가음면,가음면,4.1,정좌표,False,355114_306615,1,UNIQUE,RELIABLE_POINT,True
233,가음면 장리 산45-8임,가음면,가음면,1.5,정좌표,False,355654_307003,1,UNIQUE,RELIABLE_POINT,True
234,가음면 이리 690유,가음면,가음면,7.6,정좌표,False,357019_307382,1,UNIQUE,RELIABLE_POINT,True
235,가음면 이리 1033-2유,가음면,가음면,6.3,정좌표,False,356642_307073,1,UNIQUE,RELIABLE_POINT,True
236,가음면 이리 1089유,가음면,가음면,4.2,정좌표,False,356544_306946,1,UNIQUE,RELIABLE_POINT,True
237,가음면 이리 1104유,가음면,가음면,12.0,정좌표,False,356420_306635,1,UNIQUE,RELIABLE_POINT,True
238,가음면 이리 802-2임,가음면,가음면,5.6,정좌표,False,356776_307646,1,UNIQUE,RELIABLE_POINT,True
239,가음면 이리 651유,가음면,가음면,6.3,정좌표,False,357311_306797,1,UNIQUE,RELIABLE_POINT,True
240,가음면 가산리 169유,가음면,가음면,3.08,정좌표,False,355131_303359,1,UNIQUE,RELIABLE_POINT,True
241,가음면 순호리 1134유,가음면,가음면,9.7,정좌표,False,352890_301726,1,UNIQUE,RELIABLE_POINT,True
242,가음면 순호리 495유,가음면,가음면,140.5,정좌표,False,355112_302279,1,UNIQUE,RELIABLE_POINT,True
243,가음면 순호리 1003유,가음면,가음면,3.1,정좌표,False,353433_302081,1,UNIQUE,RELIABLE_POINT,True
244,가음면 순호리 975유,가음면,가음면,12.8,정좌표,False,353868_302596,1,UNIQUE,RELIABLE_POINT,True
245,가음면 순호리 132유,가음면,가음면,11.5,정좌표,False,356750_301646,1,UNIQUE,RELIABLE_POINT,True
246,가음면 순호리 16유,가음면,가음면,14.2,정좌표,False,357198_302246,1,UNIQUE,RELIABLE_POINT,True
247,가음면 현리리 487유,가음면,가음면,6.8,정좌표,False,358362_301831,1,UNIQUE,RELIABLE_POINT,True
248,가음면 현리리 249-2유,가음면,가음면,21.0,정좌표,False,358436_302993,1,UNIQUE,RELIABLE_POINT,True
249,가음면 현리리 67유,가음면,가음면,6.0,정좌표,False,360531_303112,1,UNIQUE,RELIABLE_POINT,True
250,가음면 현리리 584유,가음면,가음면,7.4,정좌표,False,358792_301088,1,UNIQUE,RELIABLE_POINT,True
251,가음면 현리리 450답,가음면,가음면,2.2,정좌표,False,358469_302105,1,UNIQUE,RELIABLE_POINT,True
380,비안면 옥연리 630유,비안면,비안면,8.8,정좌표,False,332564_313710,1,UNIQUE,RELIABLE_POINT,True
381,비안면 옥연리 777-1,비안면,비안면,15.4,정좌표,False,331256_315110,1,UNIQUE,RELIABLE_POINT,True
382,비안면 용남리 570답,비안면,비안면,10.6,정좌표,False,331958_318058,1,UNIQUE,RELIABLE_POINT,True
383,비안면 용남리 105유,비안면,비안면,34.5,정좌표,False,332657_317528,1,UNIQUE,RELIABLE_POINT,True
384,비안면 용남리 8답,비안면,비안면,5.5,정좌표,False,333121_318066,1,UNIQUE,RELIABLE_POINT,True
385,비안면 이두리 401-1유,비안면,비안면,6.1,정좌표,False,333764_316884,1,UNIQUE,RELIABLE_POINT,True
386,비안면 이두리 561유,비안면,비안면,12.5,정좌표,False,333138_317210,1,UNIQUE,RELIABLE_POINT,True
387,비안면 이두리 16답,비안면,비안면,5.3,정좌표,False,335041_316330,1,UNIQUE,RELIABLE_POINT,True
388,비안면 외곡리 7-1유,비안면,비안면,7.8,정좌표,False,335923_318138,1,UNIQUE,RELIABLE_POINT,True
389,비안면 외곡리 67유,비안면,비안면,11.0,정좌표,False,335718_317605,1,UNIQUE,RELIABLE_POINT,True
390,비안면 외곡리 498-1유,비안면,비안면,5.5,정좌표,False,334227_318207,1,UNIQUE,RELIABLE_POINT,True
391,비안면 외곡리 521유,비안면,비안면,11.0,정좌표,False,333975_317550,1,UNIQUE,RELIABLE_POINT,True
392,비안면 자락리 78유,비안면,비안면,13.8,정좌표,False,336457_320121,1,UNIQUE,RELIABLE_POINT,True
393,비안면 자락리 14유,비안면,비안면,11.0,정좌표,False,336434_320825,1,UNIQUE,RELIABLE_POINT,True
394,비안면 자락리 448-1유,비안면,비안면,4.5,정좌표,False,334992_319847,1,UNIQUE,RELIABLE_POINT,True
395,비안면 자락리 453답,비안면,비안면,2.0,정좌표,False,335025_319651,1,UNIQUE,RELIABLE_POINT,True
396,비안면 자락리 603구,비안면,비안면,13.5,정좌표,False,335543_319753,1,UNIQUE,RELIABLE_POINT,True
397,비안면 자락리 172유,비안면,비안면,34.5,정좌표,False,336000_318996,1,UNIQUE,RELIABLE_POINT,True
398,비안면 자락리 150유,비안면,비안면,3.8,정좌표,False,336046_319627,1,UNIQUE,RELIABLE_POINT,True
399,비안면 자락리 116유,비안면,비안면,4.6,정좌표,False,336205_319955,1,UNIQUE,RELIABLE_POINT,True
400,비안면 현산리 26유,비안면,비안면,41.3,정좌표,False,336868_317765,1,UNIQUE,RELIABLE_POINT,True
401,비안면 현산리 124-3유,비안면,비안면,26.4,정좌표,False,336841_316363,1,UNIQUE,RELIABLE_POINT,True
402,비안면 산제리 1379유,비안면,비안면,164.0,정좌표,False,338470_318819,1,UNIQUE,RELIABLE_POINT,True
403,비안면 산제리 1506구,비안면,비안면,18.0,정좌표,False,337967_321091,1,UNIQUE,RELIABLE_POINT,True
404,비안면 산제리 554-2유,비안면,비안면,1.7,정좌표,False,338139_320952,1,UNIQUE,RELIABLE_POINT,True
405,비안면 산제리 1212유,비안면,비안면,9.0,정좌표,False,338609_316726,1,UNIQUE,RELIABLE_POINT,True
406,비안면 산제리 185유,비안면,비안면,3.0,정좌표,False,339235_317547,2,DUPLICATED_COORDINATE,DUPLICATED_COORDINATE,False
407,비안면 산제리 1297유,비안면,비안면,12.8,정좌표,False,338068_317553,1,UNIQUE,RELIABLE_POINT,True
408,비안면 산제리 1231-1답,비안면,비안면,21.0,정좌표,False,338470_317182,1,UNIQUE,RELIABLE_POINT,True
409,비안면 산제리 323유,비안면,비안면,31.0,정좌표,False,339270_317982,1,UNIQUE,RELIABLE_POINT,True
410,비안면 산제리 1450-1유,비안면,비안면,1.4,정좌표,False,337473_318235,1,UNIQUE,RELIABLE_POINT,True
411,비안면 산제리 50유,비안면,비안면,30.0,정좌표,False,339555_317211,1,UNIQUE,RELIABLE_POINT,True
412,비안면 산제리 137유,비안면,비안면,8.0,정좌표,False,339510_317188,1,UNIQUE,RELIABLE_POINT,True
413,비안면 산제리 600유,비안면,비안면,13.0,정좌표,False,337865_320050,1,UNIQUE,RELIABLE_POINT,True
414,비안면 산제리 549유,비안면,비안면,39.6,정좌표,False,338194_320874,1,UNIQUE,RELIABLE_POINT,True
415,비안면 산제리 185유,비안면,비안면,7.4,정좌표,False,339235_317547,2,DUPLICATED_COORDINATE,DUPLICATED_COORDINATE,False
416,비안면 산제리 1127유,비안면,비안면,2.2,정좌표,False,338576_317249,1,UNIQUE,RELIABLE_POINT,True
417,비안면 화신리 56-1유,비안면,비안면,17.0,정좌표,False,339932_316365,1,UNIQUE,RELIABLE_POINT,True
418,비안면 화신리 572유,비안면,비안면,16.0,정좌표,False,339922_315291,1,UNIQUE,RELIABLE_POINT,True
419,비안면 화신리 66-1유,비안면,비안면,17.0,정좌표,False,339807_316468,1,UNIQUE,RELIABLE_POINT,True
420,비안면 화신리 890유,비안면,비안면,53.0,정좌표,False,338249_315974,1,UNIQUE,RELIABLE_POINT,True
421,비안면 화신리 26,비안면,비안면,17.7,정좌표,False,339842_315938,1,UNIQUE,RELIABLE_POINT,True
422,비안면 화신리 907유,비안면,비안면,4.8,정좌표,False,338335_314865,1,UNIQUE,RELIABLE_POINT,True
423,비안면 화신리 674답,비안면,비안면,4.2,정좌표,False,339439_314997,1,UNIQUE,RELIABLE_POINT,True
424,비안면 쌍계리 663유,비안면,비안면,11.5,정좌표,False,337667_314880,1,UNIQUE,RELIABLE_POINT,True
425,비안면 산제리 1476,비안면,비안면,0.45,정좌표,False,338464_319850,1,UNIQUE,RELIABLE_POINT,True
426,비안면 쌍계리 692답,비안면,비안면,28.5,정좌표,False,337766_315446,1,UNIQUE,RELIABLE_POINT,True
427,비안면 도암리 209-1유,비안면,비안면,190.1,정좌표,False,338554_312465,1,UNIQUE,RELIABLE_POINT,True
428,비안면 도암리 289답,비안면,비안면,16.2,정좌표,False,337552_312047,1,UNIQUE,RELIABLE_POINT,True
429,비안면 도암리 543-2유,비안면,비안면,13.8,정좌표,False,335792_312711,1,UNIQUE,RELIABLE_POINT,True
430,비안면 화신리 823,비안면,비안면,6.6,정좌표,False,338701_316122,1,UNIQUE,RELIABLE_POINT,True
431,구천면 위성리 223,구천면,구천면,1.0,정좌표,False,330525_315425,1,UNIQUE,RELIABLE_POINT,True
432,구천면 모흥리 307,구천면,구천면,36.0,정좌표,False,329762_316052,1,UNIQUE,RELIABLE_POINT,True
433,구천면 위성리 18,구천면,구천면,1.0,정좌표,False,331115_318705,1,UNIQUE,RELIABLE_POINT,True
434,구천면 위성리 224-2,구천면,구천면,1.0,정좌표,False,330407_315780,1,UNIQUE,RELIABLE_POINT,True
435,구천면 모흥리 464-1,구천면,구천면,0.5,정좌표,False,329353_313973,1,UNIQUE,RELIABLE_POINT,True
436,구천면 장국리 393,구천면,구천면,26.4,정좌표,False,325091_315097,1,UNIQUE,RELIABLE_POINT,True
437,구천면 청산리 산182,구천면,구천면,5.0,정좌표,False,326441_314071,1,UNIQUE,RELIABLE_POINT,True
438,구천면 장국리 433,구천면,구천면,19.0,정좌표,False,324600_314144,1,UNIQUE,RELIABLE_POINT,True
439,구천면 소호리 500-1,구천면,구천면,1.0,정좌표,False,326869_316042,1,UNIQUE,RELIABLE_POINT,True
440,구천면 소호리 562-1,구천면,구천면,13.0,정좌표,False,326612_316138,1,UNIQUE,RELIABLE_POINT,True
441,구천면 소호리 1106,구천면,구천면,49.5,정좌표,False,325433_316263,1,UNIQUE,RELIABLE_POINT,True
442,구천면 소호리 1089,구천면,구천면,9.0,정좌표,False,325052_316441,1,UNIQUE,RELIABLE_POINT,True
443,구천면 소호리 1141,구천면,구천면,5.0,정좌표,False,324933_316108,1,UNIQUE,RELIABLE_POINT,True
444,구천면 용사리 152-2,구천면,구천면,50.0,정좌표,False,327428_317790,1,UNIQUE,RELIABLE_POINT,True
445,구천면 내산리 845,구천면,구천면,7.4,정좌표,False,327180_318324,1,UNIQUE,RELIABLE_POINT,True
446,구천면 청산리 산98-1,구천면,구천면,40.0,정좌표,False,326590_312575,1,UNIQUE,RELIABLE_POINT,True
447,구천면 조성리 26,구천면,구천면,24.96,정좌표,False,328524_313805,1,UNIQUE,RELIABLE_POINT,True
448,구천면 청산리 산50-2,구천면,구천면,20.0,정좌표,False,326967_312213,1,UNIQUE,RELIABLE_POINT,True
449,단밀면 용곡리 산64임,단밀면,단밀면,6.6,정좌표,False,324324_315889,1,UNIQUE,RELIABLE_POINT,True
450,단밀면 용곡리 1544유,단밀면,단밀면,10.0,정좌표,False,323815_315815,1,UNIQUE,RELIABLE_POINT,True
451,단밀면 위중리 1459유,단밀면,단밀면,15.8,정좌표,False,322586_318783,1,UNIQUE,RELIABLE_POINT,True
452,단밀면 위중리 1332답,단밀면,단밀면,4.0,정좌표,False,322506_317061,1,UNIQUE,RELIABLE_POINT,True
453,단밀면 위중리 산27-1,단밀면,단밀면,25.4,정좌표,False,322493_317130,1,UNIQUE,RELIABLE_POINT,True
454,단밀면 주선리 748유,단밀면,단밀면,8.3,정좌표,False,322677_320366,1,UNIQUE,RELIABLE_POINT,True
455,단밀면 서제리 1068-1답,단밀면,단밀면,4.8,정좌표,False,322460_320535,1,UNIQUE,RELIABLE_POINT,True
456,단밀면 팔등리 179유,단밀면,단밀면,61.0,정좌표,False,320767_322683,1,UNIQUE,RELIABLE_POINT,True
457,단밀면 팔등리 988답,단밀면,단밀면,4.4,정좌표,False,319800_322075,1,UNIQUE,RELIABLE_POINT,True
458,단밀면 서제리 340-2답,단밀면,단밀면,7.6,정좌표,False,322445_320853,1,UNIQUE,RELIABLE_POINT,True
459,단밀면 생송리 544,단밀면,단밀면,4.4,정좌표,False,319591_319226,1,UNIQUE,RELIABLE_POINT,True
460,단밀면 생송리 산1-3구,단밀면,단밀면,6.5,정좌표,False,319598_321299,1,UNIQUE,RELIABLE_POINT,True
461,단밀면 생송리 445-1,단밀면,단밀면,2.0,정좌표,False,320263_319127,1,UNIQUE,RELIABLE_POINT,True
462,단밀면 생송리 447,단밀면,단밀면,46.0,정좌표,False,320139_318401,1,UNIQUE,RELIABLE_POINT,True
463,단밀면 생송리 296답,단밀면,단밀면,18.6,정좌표,False,321100_319303,1,UNIQUE,RELIABLE_POINT,True
464,단밀면 생송리 484,단밀면,단밀면,71.4,정좌표,False,319807_318326,1,UNIQUE,RELIABLE_POINT,True
465,단밀면 생송리 64유,단밀면,단밀면,54.4,정좌표,False,321752_319366,1,UNIQUE,RELIABLE_POINT,True
466,단밀면 생송리 산51임,단밀면,단밀면,4.8,정좌표,False,321858_318803,1,UNIQUE,RELIABLE_POINT,True
467,단밀면 생송리 132답,단밀면,단밀면,3.6,정좌표,False,321117_320897,1,UNIQUE,RELIABLE_POINT,True
468,단밀면 생송리 1172,단밀면,단밀면,1.7,정좌표,False,318918_320238,1,UNIQUE,RELIABLE_POINT,True
469,단밀면 생송리 550,단밀면,단밀면,7.3,정좌표,False,319839_319831,1,UNIQUE,RELIABLE_POINT,True
470,단밀면 생송리 산67-15임,단밀면,단밀면,5.8,정좌표,False,320930_318973,1,UNIQUE,RELIABLE_POINT,True
471,단밀면 생송리 1425,단밀면,단밀면,6.2,정좌표,False,318403_318345,1,UNIQUE,RELIABLE_POINT,True
472,단밀면 생송리 377답,단밀면,단밀면,2.6,정좌표,False,320460_320981,1,UNIQUE,RELIABLE_POINT,True
473,단밀면 서제리 871답,단밀면,단밀면,25.5,정좌표,False,322101_321566,1,UNIQUE,RELIABLE_POINT,True
474,단북면 노연리 348-2유,단북면,단북면,11.0,정좌표,False,327993_321636,1,UNIQUE,RELIABLE_POINT,True
475,안계면 용기리 80유,안계면,안계면,66.2,정좌표,False,330106_323549,1,UNIQUE,RELIABLE_POINT,True
476,안계면 용기리 306-1유,안계면,안계면,28.0,정좌표,False,329382_323318,1,UNIQUE,RELIABLE_POINT,True
477,안계면 토매리 57답,안계면,안계면,9.0,정좌표,False,330130_321634,1,UNIQUE,RELIABLE_POINT,True
478,안계면 위양리 19-2유,안계면,안계면,9.0,정좌표,False,330936_320649,1,UNIQUE,RELIABLE_POINT,True
479,안계면 교촌리 134-2유,안계면,안계면,14.7,정좌표,False,332323_318895,1,UNIQUE,RELIABLE_POINT,True
480,안계면 교촌리 294유,안계면,안계면,1.5,정좌표,False,332077_320291,1,UNIQUE,RELIABLE_POINT,True
481,안계면 안정리 337유,안계면,안계면,192.0,정좌표,False,333307_319380,1,UNIQUE,RELIABLE_POINT,True
482,안계면 안정리 174-1유,안계면,안계면,14.1,정좌표,False,334292_320029,1,UNIQUE,RELIABLE_POINT,True
483,안계면 안정리 145유,안계면,안계면,9.6,정좌표,False,334397_321140,1,UNIQUE,RELIABLE_POINT,True
484,안계면 안정리 483-2유,안계면,안계면,6.0,정좌표,False,332803_320776,1,UNIQUE,RELIABLE_POINT,True
485,안계면 안정리 313유,안계면,안계면,14.1,정좌표,False,333022_318778,1,UNIQUE,RELIABLE_POINT,True
486,안계면 안정리 산2임,안계면,안계면,2.0,정좌표,False,334879_321926,1,UNIQUE,RELIABLE_POINT,True
487,안계면 안정리 24-1유,안계면,안계면,21.0,정좌표,False,334091_322017,1,UNIQUE,RELIABLE_POINT,True
488,안계면 봉양리 472유,안계면,안계면,21.39,정좌표,False,331393_320395,1,UNIQUE,RELIABLE_POINT,True
489,안계면 봉양리 37유,안계면,안계면,18.0,정좌표,False,332760_321883,1,UNIQUE,RELIABLE_POINT,True
490,안계면 도덕리 17-1유,안계면,안계면,48.0,정좌표,False,332628_323828,1,UNIQUE,RELIABLE_POINT,True
491,안계면 도덕리 172-1유,안계면,안계면,10.6,정좌표,False,332342_322732,1,UNIQUE,RELIABLE_POINT,True
492,안계면 도덕리 1011-1유,안계면,안계면,32.5,정좌표,False,330888_325875,1,UNIQUE,RELIABLE_POINT,True
493,안계면 도덕리 882유,안계면,안계면,16.0,정좌표,False,331399_324323,1,UNIQUE,RELIABLE_POINT,True
494,안계면 도덕리 313-2유,안계면,안계면,11.5,정좌표,False,331555_323683,1,UNIQUE,RELIABLE_POINT,True
495,안계면 도덕리 46-1유,안계면,안계면,19.2,정좌표,False,332702_323369,1,UNIQUE,RELIABLE_POINT,True
496,안계면 양곡리 885-1유,안계면,안계면,34.1,정좌표,False,328627_326069,1,UNIQUE,RELIABLE_POINT,True
497,안계면 양곡리 296유,안계면,안계면,44.7,정좌표,False,329144_325115,1,UNIQUE,RELIABLE_POINT,True
498,안계면 양곡리 901유,안계면,안계면,87.9,정좌표,False,327966_326239,1,UNIQUE,RELIABLE_POINT,True
499,안계면 양곡리 123유,안계면,안계면,34.0,정좌표,False,329844_325621,1,UNIQUE,RELIABLE_POINT,True
500,안계면 양곡리 59-1유,안계면,안계면,16.4,정좌표,False,329755_324784,1,UNIQUE,RELIABLE_POINT,True
501,다인면 송호리 662-2대,다인면,다인면,13.9,정좌표,False,323704_329703,1,UNIQUE,RELIABLE_POINT,True
502,다인면 평림리 117유,다인면,다인면,11.4,정좌표,False,322582_330658,1,UNIQUE,RELIABLE_POINT,True
503,다인면 평림리 716유,다인면,다인면,12.5,정좌표,False,321581_331559,1,UNIQUE,RELIABLE_POINT,True
504,다인면 평림리 747-1유,다인면,다인면,5.3,정좌표,False,321831_331416,1,UNIQUE,RELIABLE_POINT,True
505,다인면 평림리 169-1유,다인면,다인면,23.5,정좌표,False,322278_331018,1,UNIQUE,RELIABLE_POINT,True
506,다인면 덕지리 1158-1유,다인면,다인면,14.6,정좌표,False,318857_330421,1,UNIQUE,RELIABLE_POINT,True
507,다인면 덕지리 324유,다인면,다인면,20.5,정좌표,False,319214_330938,1,UNIQUE,RELIABLE_POINT,True
508,다인면 덕미리 458-1유,다인면,다인면,8.9,정좌표,False,320080_332729,1,UNIQUE,RELIABLE_POINT,True
509,다인면 덕미리 389유,다인면,다인면,20.0,정좌표,False,320428_333830,1,UNIQUE,RELIABLE_POINT,True
510,다인면 덕미리 313-1유,다인면,다인면,6.3,정좌표,False,321156_334037,1,UNIQUE,RELIABLE_POINT,True
511,다인면 덕미리 686유,다인면,다인면,14.8,정좌표,False,320470_331555,1,UNIQUE,RELIABLE_POINT,True
512,다인면 덕미리 546-2유,다인면,다인면,12.2,정좌표,False,320465_332035,1,UNIQUE,RELIABLE_POINT,True
513,다인면 용곡리 690-1유,다인면,다인면,18.6,정좌표,False,320483_336671,1,UNIQUE,RELIABLE_POINT,True
514,다인면 봉정리 15유,다인면,다인면,15.7,정좌표,False,326190_331798,1,UNIQUE,RELIABLE_POINT,True
515,다인면 달제리 17유,다인면,다인면,9.5,정좌표,False,327150_329345,1,UNIQUE,RELIABLE_POINT,True
516,다인면 달제리 1643-1유,다인면,다인면,12.8,정좌표,False,323513_331016,1,UNIQUE,RELIABLE_POINT,True
517,다인면 달제리 1165유,다인면,다인면,8.8,정좌표,False,326067_331114,1,UNIQUE,RELIABLE_POINT,True
518,다인면 삼분리 450-1유,다인면,다인면,24.5,정좌표,False,326985_326850,1,UNIQUE,RELIABLE_POINT,True
519,다인면 삼분리 393유,다인면,다인면,74.5,정좌표,False,327219_326544,1,UNIQUE,RELIABLE_POINT,True
543,안평면 창길리 1453유,안평면,안평면,67.0,정좌표,False,340775_322146,1,UNIQUE,RELIABLE_POINT,True
544,안평면 창길리 762유,안평면,안평면,7.7,정좌표,False,340803_323057,1,UNIQUE,RELIABLE_POINT,True
545,안평면 창길리 317-1유,안평면,안평면,27.3,정좌표,False,342736_323923,1,UNIQUE,RELIABLE_POINT,True
546,안평면 창길리 1496,안평면,안평면,5.2,정좌표,False,340063_322079,1,UNIQUE,RELIABLE_POINT,True
547,안평면 창길리 598답,안평면,안평면,3.0,정좌표,False,341022_322828,1,UNIQUE,RELIABLE_POINT,True
548,안평면 평팔리 산186,안평면,안평면,4.2,인근좌표,False,343573_320894,1,UNIQUE,UNVERIFIED_NEARBY_POINT,False
549,안평면 창길리 1,안평면,안평면,2.4,정좌표,False,343512_324129,1,UNIQUE,RELIABLE_POINT,True
550,안평면 창길리 1305유,안평면,안평면,19.0,정좌표,False,341877_321608,1,UNIQUE,RELIABLE_POINT,True
551,안평면 창길리 92,안평면,안평면,29.0,정좌표,False,342808_324408,1,UNIQUE,RELIABLE_POINT,True
556,안평면 박곡리 128유,안평면,안평면,23.8,정좌표,False,344432_323336,1,UNIQUE,RELIABLE_POINT,True
557,안평면 박곡리 566유,안평면,안평면,44.0,정좌표,False,343567_321366,1,UNIQUE,RELIABLE_POINT,True
558,안평면 박곡리 135유,안평면,안평면,1.6,정좌표,False,344428_323508,1,UNIQUE,RELIABLE_POINT,True
559,안평면 창길리 1079,안평면,안평면,4.4,정좌표,False,341761_321982,1,UNIQUE,RELIABLE_POINT,True
560,안평면 석탑리 17,안평면,안평면,19.8,정좌표,False,348148_320663,1,UNIQUE,RELIABLE_POINT,True
561,안평면 석탑리 780,안평면,안평면,7.7,정좌표,False,346358_321882,1,UNIQUE,RELIABLE_POINT,True
562,안평면 석탑리 890,안평면,안평면,4.6,정좌표,False,346472_322565,1,UNIQUE,RELIABLE_POINT,True
563,안평면 석탑리 815,안평면,안평면,9.9,정좌표,False,347076_321652,1,UNIQUE,RELIABLE_POINT,True
564,안평면 석탑리 1242,안평면,안평면,8.1,정좌표,False,345701_323729,1,UNIQUE,RELIABLE_POINT,True
565,안평면 석탑리 619,안평면,안평면,11.6,정좌표,False,345337_321511,1,UNIQUE,RELIABLE_POINT,True
566,안평면 신월리 317-1유,안평면,안평면,5.4,정좌표,False,347001_318653,1,UNIQUE,RELIABLE_POINT,True
567,안평면 신월리 512,안평면,안평면,2.2,정좌표,False,346905_318944,1,UNIQUE,RELIABLE_POINT,True
568,안평면 신월리 27,안평면,안평면,8.1,정좌표,False,347920_319894,1,UNIQUE,RELIABLE_POINT,True
569,안평면 신월리 813,안평면,안평면,6.8,정좌표,False,346125_319716,1,UNIQUE,RELIABLE_POINT,True
570,안평면 신월리 250-1,안평면,안평면,8.0,정좌표,False,347904_318183,1,UNIQUE,RELIABLE_POINT,True
571,안평면 신월리 1055,안평면,안평면,24.7,정좌표,False,345968_320688,1,UNIQUE,RELIABLE_POINT,True
572,안평면 신월리 49-2,안평면,안평면,16.4,정좌표,False,347992_319570,1,UNIQUE,RELIABLE_POINT,True
573,안평면 신월리 988,안평면,안평면,2.9,정좌표,False,346061_320156,1,UNIQUE,RELIABLE_POINT,True
574,안평면 신월리 613-1,안평면,안평면,5.3,정좌표,False,346357_318905,1,UNIQUE,RELIABLE_POINT,True
575,안평면 신월리 1181,안평면,안평면,1.3,정좌표,False,345921_320022,1,UNIQUE,RELIABLE_POINT,True
576,안평면 신월리 1150,안평면,안평면,5.8,정좌표,False,345541_320433,1,UNIQUE,RELIABLE_POINT,True
587,안평면 대사리 1159-1,안평면,안평면,5.0,정좌표,False,340349_317786,1,UNIQUE,RELIABLE_POINT,True
588,안평면 대사리 319,안평면,안평면,4.8,정좌표,False,342418_316224,1,UNIQUE,RELIABLE_POINT,True
589,안평면 대사리 1101,안평면,안평면,13.5,정좌표,False,340407_318373,1,UNIQUE,RELIABLE_POINT,True
590,안평면 대사리 895,안평면,안평면,24.8,정좌표,False,340685_317436,1,UNIQUE,RELIABLE_POINT,True
591,안평면 대사리 780,안평면,안평면,6.1,정좌표,False,341069_316842,1,UNIQUE,RELIABLE_POINT,True
592,안평면 도옥리 829유,안평면,안평면,3.2,정좌표,False,341971_318821,1,UNIQUE,RELIABLE_POINT,True
593,안평면 도옥리 838,안평면,안평면,4.1,정좌표,False,341867_318968,1,UNIQUE,RELIABLE_POINT,True
594,안평면 도옥리 507유,안평면,안평면,38.5,정좌표,False,342429_317753,1,UNIQUE,RELIABLE_POINT,True
595,안평면 도옥리 310답,안평면,안평면,4.0,정좌표,False,342667_318715,1,UNIQUE,RELIABLE_POINT,True
596,안평면 마전리 459유,안평면,안평면,2.8,정좌표,False,340124_319128,1,UNIQUE,RELIABLE_POINT,True
597,안평면 마전리 419유,안평면,안평면,13.3,정좌표,False,340817_319990,1,UNIQUE,RELIABLE_POINT,True
598,안평면 마전리 616유,안평면,안평면,3.6,정좌표,False,340040_318799,1,UNIQUE,RELIABLE_POINT,True
599,안평면 기도리 1235유,안평면,안평면,93.8,정좌표,False,339280_320911,1,UNIQUE,RELIABLE_POINT,True
600,안평면 기도리 503유,안평면,안평면,2.4,정좌표,False,341062_320322,1,UNIQUE,RELIABLE_POINT,True
601,안평면 기도리 1123유,안평면,안평면,1.3,정좌표,False,339687_320495,1,UNIQUE,RELIABLE_POINT,True
602,안평면 금곡리 869-1유,안평면,안평면,8.5,정좌표,False,336642_325342,1,UNIQUE,RELIABLE_POINT,True
603,안평면 금곡리 493-1,안평면,안평면,6.8,정좌표,False,336970_322771,1,UNIQUE,RELIABLE_POINT,True
604,안평면 금곡리 379,안평면,안평면,4.2,정좌표,False,338247_323867,1,UNIQUE,RELIABLE_POINT,True
605,안평면 금곡리 470,안평면,안평면,25.9,정좌표,False,338003_322599,1,UNIQUE,RELIABLE_POINT,True
606,안평면 금곡리 306유,안평면,안평면,6.6,정좌표,False,338869_322808,1,UNIQUE,RELIABLE_POINT,True
607,안평면 금곡리 148유,안평면,안평면,1.3,정좌표,False,339335_323431,1,UNIQUE,RELIABLE_POINT,True
608,안평면 금곡리 626답,안평면,안평면,2.8,정좌표,False,337500_324083,1,UNIQUE,RELIABLE_POINT,True
609,안평면 하령리 50-1,안평면,안평면,12.5,정좌표,False,340954_324028,1,UNIQUE,RELIABLE_POINT,True
610,안평면 하령리 131유,안평면,안평면,3.8,정좌표,False,341014_323703,1,UNIQUE,RELIABLE_POINT,True
611,안평면 삼춘리 131-2,안평면,안평면,5.4,정좌표,False,341637_327084,1,UNIQUE,RELIABLE_POINT,True
612,안평면 삼춘리 468유,안평면,안평면,4.3,정좌표,False,340568_327995,1,UNIQUE,RELIABLE_POINT,True
613,안평면 삼춘리 1077유,안평면,안평면,17.4,정좌표,False,338194_326907,1,UNIQUE,RELIABLE_POINT,True
614,안평면 삼춘리 998유,안평면,안평면,49.2,정좌표,False,339190_325329,1,UNIQUE,RELIABLE_POINT,True
615,안평면 삼춘리 508유,안평면,안평면,2.0,정좌표,False,340000_327776,1,UNIQUE,RELIABLE_POINT,True
616,안사면 중하리 502유,안사면,안사면,11.0,정좌표,False,334259_325698,1,UNIQUE,RELIABLE_POINT,True
617,안사면 중하리 3유,안사면,안사면,11.8,정좌표,False,335632_322365,1,UNIQUE,RELIABLE_POINT,True
618,안사면 중하리 883유,안사면,안사면,27.0,정좌표,False,332886_326085,1,UNIQUE,RELIABLE_POINT,True
619,안사면 중하리 642유,안사면,안사면,13.2,정좌표,False,333684_323454,1,UNIQUE,RELIABLE_POINT,True
620,안사면 중하리 1100유,안사면,안사면,9.4,정좌표,False,332697_324951,1,UNIQUE,RELIABLE_POINT,True
621,안사면 안사리 391유,안사면,안사면,7.0,정좌표,False,331724_326872,1,UNIQUE,RELIABLE_POINT,True
622,안사면 안사리 407유,안사면,안사면,4.0,정좌표,False,332136_326819,1,UNIQUE,RELIABLE_POINT,True
623,안사면 안사리 303유,안사면,안사면,31.7,정좌표,False,331753_327840,1,UNIQUE,RELIABLE_POINT,True
624,안사면 안사리 25유,안사면,안사면,4.5,정좌표,False,333506_327877,1,UNIQUE,RELIABLE_POINT,True
625,안사면 안사리 507유,안사면,안사면,8.0,정좌표,False,332134_326285,1,UNIQUE,RELIABLE_POINT,True
626,안사면 안사리 329 유,안사면,안사면,7.7,정좌표,False,332007_327996,1,UNIQUE,RELIABLE_POINT,True
627,안사면 만리리 595-2답,안사면,안사면,2.1,정좌표,False,330491_327976,1,UNIQUE,RELIABLE_POINT,True
628,안사면 만리리 546유,안사면,안사면,5.1,정좌표,False,330252_327811,1,UNIQUE,RELIABLE_POINT,True
629,안사면 만리리 16임,안사면,안사면,15.0,정좌표,False,331017_329500,1,UNIQUE,RELIABLE_POINT,True
630,안사면 만리리 1002-1유,안사면,안사면,13.8,정좌표,False,328627_328705,1,UNIQUE,RELIABLE_POINT,True
631,안사면 만리리 943유,안사면,안사면,21.0,정좌표,False,329207_327470,1,UNIQUE,RELIABLE_POINT,True
632,안사면 만리리 580-1,안사면,안사면,25.0,정좌표,False,330587_327740,1,UNIQUE,RELIABLE_POINT,True
633,안사면 신수리 산120임,안사면,안사면,5.9,정좌표,False,328707_329835,1,UNIQUE,RELIABLE_POINT,True
634,안사면 신수리 33유,안사면,안사면,9.2,정좌표,False,330629_331765,1,UNIQUE,RELIABLE_POINT,True
635,안사면 신수리 84답,안사면,안사면,2.2,정좌표,False,329603_331935,1,UNIQUE,RELIABLE_POINT,True
636,안사면 월소리 251-3유,안사면,안사면,2.6,정좌표,False,328299_333793,1,UNIQUE,RELIABLE_POINT,True
637,안사면 월소리 136-1유,안사면,안사면,12.3,정좌표,False,328620_333420,1,UNIQUE,RELIABLE_POINT,True
638,안사면 월소리 1000유,안사면,안사면,16.5,정좌표,False,326440_334103,1,UNIQUE,RELIABLE_POINT,True
639,안사면 월소리 366유,안사면,안사면,15.0,정좌표,False,327805_333174,1,UNIQUE,RELIABLE_POINT,True
640,안사면 월소리 541,안사면,안사면,7.2,정좌표,False,328483_331267,1,UNIQUE,RELIABLE_POINT,True
641,안사면 월소리 521구,안사면,안사면,15.0,정좌표,False,328326_331478,1,UNIQUE,RELIABLE_POINT,True
642,안사면 쌍호리 368유,안사면,안사면,10.0,정좌표,False,327501_335002,1,UNIQUE,RELIABLE_POINT,True
643,단촌면 후평리 188-01,단촌면,단촌면,35.0,정좌표,False,354215_327955,1,UNIQUE,RELIABLE_POINT,True
644,점곡면 동변리 524,점곡면,점곡면,798.5,정좌표,False,360339_328145,1,UNIQUE,RELIABLE_POINT,True
645,점곡면 사촌리 496,점곡면,점곡면,6.7,정좌표,False,357111_326997,1,UNIQUE,RELIABLE_POINT,True
646,점곡면 송내리 66,점곡면,점곡면,20.5,정좌표,False,356606_327098,1,UNIQUE,RELIABLE_POINT,True
647,점곡면 윤암리 112,점곡면,점곡면,4.0,정좌표,False,360162_325090,1,UNIQUE,RELIABLE_POINT,True
656,가음면 양지리 164,가음면,가음면,4703.87,정좌표,False,356473_304827,1,UNIQUE,RELIABLE_POINT,True
657,구천면 위성리 210,구천면,구천면,159.0,정좌표,False,330868_316318,1,UNIQUE,RELIABLE_POINT,True
658,구천면 노연리 185,구천면,구천면,3597.0,인근좌표,False,328829_316568,1,UNIQUE,UNVERIFIED_NEARBY_POINT,False
659,단밀면 위중리 1219,단밀면,단밀면,828.0,정좌표,False,323418_318775,1,UNIQUE,RELIABLE_POINT,True
660,단북면 노연리 396,단북면,단북면,8.0,정좌표,False,327925_322087,1,UNIQUE,RELIABLE_POINT,True
661,단북면 정안리 478,단북면,단북면,49.0,정좌표,False,327367_323379,1,UNIQUE,RELIABLE_POINT,True
662,단북면 정안리 935-01,단북면,단북면,20.0,정좌표,False,326552_321644,1,UNIQUE,RELIABLE_POINT,True
666,단북면 효제리 485,단북면,단북면,6.0,정좌표,False,324059_323482,1,UNIQUE,RELIABLE_POINT,True
667,단북면 성암리 843,단북면,단북면,8.0,정좌표,False,323327_323414,1,UNIQUE,RELIABLE_POINT,True
668,안계면 용기리 169,안계면,안계면,32.0,정좌표,False,329730_322432,1,UNIQUE,RELIABLE_POINT,True
669,안계면 봉양리 851,안계면,안계면,1271.0,정좌표,False,330834_321326,1,UNIQUE,RELIABLE_POINT,True
670,안계면 시안리 357,안계면,안계면,20.0,정좌표,False,328131_322490,1,UNIQUE,RELIABLE_POINT,True
671,안계면 시안리 185,안계면,안계면,23.9,정좌표,False,328041_323946,1,UNIQUE,RELIABLE_POINT,True
672,안계면 양곡리 413,안계면,안계면,32.0,정좌표,False,328922_323819,1,UNIQUE,RELIABLE_POINT,True
673,안계면 시안리 295,안계면,안계면,23.0,정좌표,False,328277_323005,1,UNIQUE,RELIABLE_POINT,True
674,다인면 산내리 167,다인면,다인면,27.0,정좌표,False,319887_326263,1,UNIQUE,RELIABLE_POINT,True
675,다인면 가원리 1279-1,다인면,다인면,18.0,정좌표,False,320439_326010,1,UNIQUE,RELIABLE_POINT,True
676,다인면 송호리 24,다인면,다인면,9.1,정좌표,False,324279_328652,1,UNIQUE,RELIABLE_POINT,True
677,다인면 도암리 999,다인면,다인면,15.0,정좌표,False,320806_329124,1,UNIQUE,RELIABLE_POINT,True
678,다인면 도암리 539-01,다인면,다인면,21.0,정좌표,False,321949_329679,1,UNIQUE,RELIABLE_POINT,True
679,다인면 도암리 61,다인면,다인면,615.0,정좌표,False,322471_329709,1,UNIQUE,RELIABLE_POINT,True
680,다인면 덕지리 521,다인면,다인면,3.3,정좌표,False,319509_328142,1,UNIQUE,RELIABLE_POINT,True
681,다인면 삼분리 650,다인면,다인면,97.5,정좌표,False,326586_325569,1,UNIQUE,RELIABLE_POINT,True
682,다인면 삼분리 1073,다인면,다인면,25.0,정좌표,False,325965_325410,1,UNIQUE,RELIABLE_POINT,True
683,다인면 삼분리 1814,다인면,다인면,35.0,정좌표,False,324582_325261,1,UNIQUE,RELIABLE_POINT,True
684,다인면 삼분리 1351,다인면,다인면,9.8,정좌표,False,325413_326290,1,UNIQUE,RELIABLE_POINT,True
685,다인면 삼분리 1310-01,다인면,다인면,35.0,인근좌표,False,326117_326432,1,UNIQUE,UNVERIFIED_NEARBY_POINT,False
686,다인면 외정리 496,다인면,다인면,38.0,정좌표,False,323991_326940,1,UNIQUE,RELIABLE_POINT,True
687,다인면 외정리 107-01,다인면,다인면,9.0,정좌표,False,325209_327222,1,UNIQUE,RELIABLE_POINT,True
688,다인면 외정리 232,다인면,다인면,12.0,정좌표,False,324236_327781,1,UNIQUE,RELIABLE_POINT,True
689,다인면 달제리 484,다인면,다인면,53.0,정좌표,False,325814_327849,1,UNIQUE,RELIABLE_POINT,True
690,다인면 외정리 295,다인면,다인면,9.0,정좌표,False,324725_327791,1,UNIQUE,RELIABLE_POINT,True
691,다인면 신락리 137,다인면,다인면,41.0,정좌표,False,323819_325678,1,UNIQUE,RELIABLE_POINT,True
692,다인면 신락리 63,다인면,다인면,3.2,정좌표,False,323784_324910,1,UNIQUE,RELIABLE_POINT,True
693,안평면 삼춘리 147-1,안평면,안평면,223.0,정좌표,False,341811_326062,1,UNIQUE,RELIABLE_POINT,True
695,안사면 중하리 126,안사면,안사면,913.2,정좌표,False,335189_323302,1,UNIQUE,RELIABLE_POINT,True
696,비안면 현산리 250-1,비안면,비안면,372.87,정좌표,False,336933_317123,1,UNIQUE,RELIABLE_POINT,True
