pond_id,address,region,current_x,current_y,coordinate_source,review_reason,corrected_x_epsg5174,corrected_y_epsg5174,corrected_lat_wgs84,corrected_lng_wgs84,correction_source,confidence,note
1,의성읍 중리리 82유,의성읍,352275,318212,시군구 좌표,ADMIN_POINT_UNVERIFIED,,,,,,,
2,의성읍 중리리 237-1유,의성읍,352275,318212,시군구 좌표,ADMIN_POINT_UNVERIFIED,,,,,,,
3,의성읍 중리리 산 46-2 임,의성읍,352275,318212,시군구 좌표,ADMIN_POINT_UNVERIFIED,,,,,,,
4,의성읍 중리리 산60-5구,의성읍,352275,318212,시군구 좌표,ADMIN_POINT_UNVERIFIED,,,,,,,
5,의성읍 상리리 43유,의성읍,352275,318212,시군구 좌표,ADMIN_POINT_UNVERIFIED,,,,,,,
6,의성읍 상리리 50-3유,의성읍,352275,318212,시군구 좌표,ADMIN_POINT_UNVERIFIED,,,,,,,
7,의성읍 상리리 16-1유,의성읍,352275,318212,시군구 좌표,ADMIN_POINT_UNVERIFIED,,,,,,,
8,의성읍 상리리 296답,의성읍,352275,318212,시군구 좌표,ADMIN_POINT_UNVERIFIED,,,,,,,
9,의성읍 도동리 27유,의성읍,352275,318212,시군구 좌표,ADMIN_POINT_UNVERIFIED,,,,,,,
10,의성읍 오로리 716-1유,의성읍,352275,318212,시군구 좌표,ADMIN_POINT_UNVERIFIED,,,,,,,
11,의성읍 오로리 895유,의성읍,352275,318212,시군구 좌표,ADMIN_POINT_UNVERIFIED,,,,,,,
12,의성읍 비봉리 570-1유,의성읍,352275,318212,시군구 좌표,ADMIN_POINT_UNVERIFIED,,,,,,,
13,의성읍 비봉리 1009유,의성읍,352275,318212,시군구 좌표,ADMIN_POINT_UNVERIFIED,,,,,,,
14,의성읍 비봉리 105-1유,의성읍,352275,318212,시군구 좌표,ADMIN_POINT_UNVERIFIED,,,,,,,
15,의성읍 비봉리 360유,의성읍,352275,318212,시군구 좌표,ADMIN_POINT_UNVERIFIED,,,,,,,
16,의성읍 비봉리 697유,의성읍,352275,318212,시군구 좌표,ADMIN_POINT_UNVERIFIED,,,,,,,
17,의성읍 비봉리 535유,의성읍,352275,318212,시군구 좌표,ADMIN_POINT_UNVERIFIED,,,,,,,
18,의성읍 비봉리 894-3유,의성읍,352275,318212,시군구 좌표,ADMIN_POINT_UNVERIFIED,,,,,,,
19,의성읍 팔성리 449,의성읍,352275,318212,시군구 좌표,ADMIN_POINT_UNVERIFIED,,,,,,,
20,의성읍 팔성리 560유,의성읍,352275,318212,시군구 좌표,ADMIN_POINT_UNVERIFIED,,,,,,,
21,의성읍 팔성리 321유,의성읍,352275,318212,시군구 좌표,ADMIN_POINT_UNVERIFIED,,,,,,,
22,의성읍 팔성리 395유,의성읍,352275,318212,시군구 좌표,ADMIN_POINT_UNVERIFIED,,,,,,,
23,의성읍 오로리 847-4,의성읍,352275,318212,시군구 좌표,ADMIN_POINT_UNVERIFIED,,,,,,,
24,의성읍 팔성리 730,의성읍,352275,318212,시군구 좌표,ADMIN_POINT_UNVERIFIED,,,,,,,
25,의성읍 팔성리 846답,의성읍,352275,318212,시군구 좌표,ADMIN_POINT_UNVERIFIED,,,,,,,
26,의성읍 용연리 512유,의성읍,352275,318212,시군구 좌표,ADMIN_POINT_UNVERIFIED,,,,,,,
27,의성읍 용연리 151유,의성읍,352275,318212,시군구 좌표,ADMIN_POINT_UNVERIFIED,,,,,,,
28,의성읍 용연리 296답,의성읍,352275,318212,시군구 좌표,ADMIN_POINT_UNVERIFIED,,,,,,,
29,의성읍 상리리 210,의성읍,352275,318212,시군구 좌표,ADMIN_POINT_UNVERIFIED,,,,,,,
30,의성읍 철파리 502유,의성읍,352275,318212,시군구 좌표,ADMIN_POINT_UNVERIFIED,,,,,,,
31,의성읍 철파리 36유,의성읍,352275,318212,시군구 좌표,ADMIN_POINT_UNVERIFIED,,,,,,,
32,의성읍 업리 202유,의성읍,352275,318212,시군구 좌표,ADMIN_POINT_UNVERIFIED,,,,,,,
33,의성읍 업리 470유,의성읍,352275,318212,시군구 좌표,ADMIN_POINT_UNVERIFIED,,,,,,,
34,의성읍 업리 850유,의성읍,352275,318212,시군구 좌표,ADMIN_POINT_UNVERIFIED,,,,,,,
35,의성읍 업리 244유,의성읍,352275,318212,시군구 좌표,ADMIN_POINT_UNVERIFIED,,,,,,,
36,의성읍 업리 306답,의성읍,352275,318212,시군구 좌표,ADMIN_POINT_UNVERIFIED,,,,,,,
37,의성읍 업리 922-1유,의성읍,352275,318212,시군구 좌표,ADMIN_POINT_UNVERIFIED,,,,,,,
38,의성읍 업리 871유,의성읍,352275,318212,시군구 좌표,ADMIN_POINT_UNVERIFIED,,,,,,,
39,의성읍 업리 148유,의성읍,352275,318212,시군구 좌표,ADMIN_POINT_UNVERIFIED,,,,,,,
40,의성읍 업리 1141유,의성읍,352275,318212,시군구 좌표,ADMIN_POINT_UNVERIFIED,,,,,,,
41,의성읍 업리 393,의성읍,352275,318212,시군구 좌표,ADMIN_POINT_UNVERIFIED,,,,,,,
215,춘산면 사미리 645-1답,춘산면,357648,307759,인근좌표,NEARBY_POINT_UNVERIFIED,,,,,,,
548,안평면 평팔리 산186,안평면,343573,320894,인근좌표,NEARBY_POINT_UNVERIFIED,,,,,,,
658,구천면 노연리 185,구천면,328829,316568,인근좌표,NEARBY_POINT_UNVERIFIED,,,,,,,
685,다인면 삼분리 1310-01,다인면,326117,326432,인근좌표,NEARBY_POINT_UNVERIFIED,,,,,,,
406,비안면 산제리 185유,비안면,339235,317547,정좌표,DUPLICATE_ADDRESS_REVIEW,,,,,,,
415,비안면 산제리 185유,비안면,339235,317547,정좌표,DUPLICATE_ADDRESS_REVIEW,,,,,,,
