pond_id,address,region,emd_name,coordinate_group_id,coordinate_group_size,coordinate_validation,sgis_analysis_eligible,sgis_population_5min,sgis_population_10min,sgis_population_gain_5_to_10,sgis_population_10min_rank_pct,emd_total_population,emd_youth_ratio,emd_elderly_ratio,emd_population_change,facility_count_1000m,accessibility_class,policy_analysis_status,sgis_10min_reach_band,sgis_expansion_band,community_context,mapped_facility_context,policy_evidence_flags,policy_review_context,management_status,survey_status,heritage_note,field_photo_ref,field_survey_date,reviewer,review_source,review_note,manual_review_status
79,점곡면 황룡리 107유,점곡면,점곡면,357898_317288,1,RELIABLE_POINT,True,,43.0,,0.1042553191489361,1476.0,6.842818428184281,59.62059620596206,-30.0,0,500m 이상,DESCRIPTIVE_EVIDENCE,LOW,DATA_NOT_AVAILABLE,ELDERLY_HIGH,NO_MAPPED_FACILITY_CONTEXT,HIGH_ELDERLY_CONTEXT;NO_MAPPED_FACILITY_CONTEXT,COMMUNITY_SUPPORT_REVIEW,,,,,,,,,PENDING_MANUAL_REVIEW
81,점곡면 황룡리 493답,점곡면,점곡면,357018_319448,1,RELIABLE_POINT,True,48.0,258.0,210.0,0.5702127659574469,1476.0,6.842818428184281,59.62059620596206,-30.0,0,500m 이상,DESCRIPTIVE_EVIDENCE,MID,MID,ELDERLY_HIGH,NO_MAPPED_FACILITY_CONTEXT,HIGH_ELDERLY_CONTEXT;NO_MAPPED_FACILITY_CONTEXT,COMMUNITY_SUPPORT_REVIEW,,,,,,,,,PENDING_MANUAL_REVIEW
82,점곡면 황룡리 384유,점곡면,점곡면,357585_318909,1,RELIABLE_POINT,True,48.0,168.0,120.0,0.4425531914893617,1476.0,6.842818428184281,59.62059620596206,-30.0,0,500m 이상,DESCRIPTIVE_EVIDENCE,MID,MID,ELDERLY_HIGH,NO_MAPPED_FACILITY_CONTEXT,HIGH_ELDERLY_CONTEXT;NO_MAPPED_FACILITY_CONTEXT,COMMUNITY_SUPPORT_REVIEW,,,,,,,,,PENDING_MANUAL_REVIEW
84,점곡면 황룡리 산32임,점곡면,점곡면,357569_318024,1,RELIABLE_POINT,True,43.0,103.0,60.0,0.2914893617021276,1476.0,6.842818428184281,59.62059620596206,-30.0,0,500m 이상,DESCRIPTIVE_EVIDENCE,MID,MID,ELDERLY_HIGH,NO_MAPPED_FACILITY_CONTEXT,HIGH_ELDERLY_CONTEXT;NO_MAPPED_FACILITY_CONTEXT,COMMUNITY_SUPPORT_REVIEW,,,,,,,,,PENDING_MANUAL_REVIEW
86,점곡면 구암리 78유,점곡면,점곡면,358738_320065,1,RELIABLE_POINT,True,83.0,413.0,330.0,0.6723404255319149,1476.0,6.842818428184281,59.62059620596206,-30.0,0,500m 이상,DESCRIPTIVE_EVIDENCE,HIGH,HIGH,ELDERLY_HIGH,NO_MAPPED_FACILITY_CONTEXT,HIGH_10MIN_REACH;HIGH_5_TO_10_EXPANSION;HIGH_ELDERLY_CONTEXT;NO_MAPPED_FACILITY_CONTEXT,COMMUNITY_SUPPORT_REVIEW,,,,,,,,,PENDING_MANUAL_REVIEW
90,점곡면 명고리 767유,점곡면,점곡면,356697_320910,1,RELIABLE_POINT,True,13.0,133.0,120.0,0.3574468085106383,1476.0,6.842818428184281,59.62059620596206,-30.0,0,500m 이상,DESCRIPTIVE_EVIDENCE,MID,MID,ELDERLY_HIGH,NO_MAPPED_FACILITY_CONTEXT,HIGH_ELDERLY_CONTEXT;NO_MAPPED_FACILITY_CONTEXT,COMMUNITY_SUPPORT_REVIEW,,,,,,,,,PENDING_MANUAL_REVIEW
91,점곡면 명고리 757유,점곡면,점곡면,356418_321274,1,RELIABLE_POINT,True,5.0,93.0,88.0,0.2553191489361702,1476.0,6.842818428184281,59.62059620596206,-30.0,0,500m 이상,DESCRIPTIVE_EVIDENCE,MID,MID,ELDERLY_HIGH,NO_MAPPED_FACILITY_CONTEXT,HIGH_ELDERLY_CONTEXT;NO_MAPPED_FACILITY_CONTEXT,COMMUNITY_SUPPORT_REVIEW,,,,,,,,,PENDING_MANUAL_REVIEW
92,점곡면 명고리 362유,점곡면,점곡면,356907_323024,1,RELIABLE_POINT,True,43.0,68.0,25.0,0.176595744680851,1476.0,6.842818428184281,59.62059620596206,-30.0,0,500m 이상,DESCRIPTIVE_EVIDENCE,LOW,LOW,ELDERLY_HIGH,NO_MAPPED_FACILITY_CONTEXT,HIGH_ELDERLY_CONTEXT;NO_MAPPED_FACILITY_CONTEXT,COMMUNITY_SUPPORT_REVIEW,,,,,,,,,PENDING_MANUAL_REVIEW
93,점곡면 명고리 363유,점곡면,점곡면,356657_323093,1,RELIABLE_POINT,True,38.0,63.0,25.0,0.151063829787234,1476.0,6.842818428184281,59.62059620596206,-30.0,0,500m 이상,DESCRIPTIVE_EVIDENCE,LOW,LOW,ELDERLY_HIGH,NO_MAPPED_FACILITY_CONTEXT,HIGH_ELDERLY_CONTEXT;NO_MAPPED_FACILITY_CONTEXT,COMMUNITY_SUPPORT_REVIEW,,,,,,,,,PENDING_MANUAL_REVIEW
96,점곡면 동변리 299유,점곡면,점곡면,361853_328137,1,RELIABLE_POINT,True,,48.0,,0.1170212765957446,1476.0,6.842818428184281,59.62059620596206,-30.0,0,500m 이상,DESCRIPTIVE_EVIDENCE,LOW,DATA_NOT_AVAILABLE,ELDERLY_HIGH,NO_MAPPED_FACILITY_CONTEXT,HIGH_ELDERLY_CONTEXT;NO_MAPPED_FACILITY_CONTEXT,COMMUNITY_SUPPORT_REVIEW,,,,,,,,,PENDING_MANUAL_REVIEW
97,점곡면 사촌리 32답,점곡면,점곡면,358267_330154,1,RELIABLE_POINT,True,,13.0,,0.0212765957446808,1476.0,6.842818428184281,59.62059620596206,-30.0,0,500m 이상,DESCRIPTIVE_EVIDENCE,LOW,DATA_NOT_AVAILABLE,ELDERLY_HIGH,NO_MAPPED_FACILITY_CONTEXT,HIGH_ELDERLY_CONTEXT;NO_MAPPED_FACILITY_CONTEXT,COMMUNITY_SUPPORT_REVIEW,,,,,,,,,PENDING_MANUAL_REVIEW
98,점곡면 송내리 456유,점곡면,점곡면,355491_327506,1,RELIABLE_POINT,True,108.0,383.0,275.0,0.6425531914893617,1476.0,6.842818428184281,59.62059620596206,-30.0,0,300–500m,DESCRIPTIVE_EVIDENCE,HIGH,MID,ELDERLY_HIGH,NO_MAPPED_FACILITY_CONTEXT,HIGH_10MIN_REACH;HIGH_ELDERLY_CONTEXT;NO_MAPPED_FACILITY_CONTEXT,COMMUNITY_SUPPORT_REVIEW,,,,,,,,,PENDING_MANUAL_REVIEW
100,점곡면 윤암리 916유,점곡면,점곡면,358440_321486,1,RELIABLE_POINT,True,103.0,328.0,225.0,0.6127659574468085,1476.0,6.842818428184281,59.62059620596206,-30.0,0,0–100m,DESCRIPTIVE_EVIDENCE,MID,MID,ELDERLY_HIGH,NO_MAPPED_FACILITY_CONTEXT,HIGH_ELDERLY_CONTEXT;NO_MAPPED_FACILITY_CONTEXT,COMMUNITY_SUPPORT_REVIEW,,,,,,,,,PENDING_MANUAL_REVIEW
101,점곡면 윤암리 289유,점곡면,점곡면,359312_325146,1,RELIABLE_POINT,True,73.0,598.0,525.0,0.7446808510638298,1476.0,6.842818428184281,59.62059620596206,-30.0,0,100–300m,DESCRIPTIVE_EVIDENCE,HIGH,HIGH,ELDERLY_HIGH,NO_MAPPED_FACILITY_CONTEXT,HIGH_10MIN_REACH;HIGH_5_TO_10_EXPANSION;HIGH_ELDERLY_CONTEXT;NO_MAPPED_FACILITY_CONTEXT,COMMUNITY_SUPPORT_REVIEW,,,,,,,,,PENDING_MANUAL_REVIEW
190,춘산면 옥정리 480유,춘산면,춘산면,362560_304935,1,RELIABLE_POINT,True,63.0,388.0,325.0,0.648936170212766,1465.0,6.006825938566553,57.40614334470989,-17.0,3,300–500m,DESCRIPTIVE_EVIDENCE,HIGH,HIGH,GENERAL_EMD_CONTEXT,MAPPED_FACILITY_PRESENT,HIGH_10MIN_REACH;HIGH_5_TO_10_EXPANSION,ACCESS_AND_REACH_REVIEW,,,,,,,,,PENDING_MANUAL_REVIEW
193,춘산면 옥정리 568,춘산면,춘산면,363037_304837,1,RELIABLE_POINT,True,43.0,398.0,355.0,0.6617021276595745,1465.0,6.006825938566553,57.40614334470989,-17.0,3,0–100m,DESCRIPTIVE_EVIDENCE,HIGH,HIGH,GENERAL_EMD_CONTEXT,MAPPED_FACILITY_PRESENT,HIGH_10MIN_REACH;HIGH_5_TO_10_EXPANSION,ACCESS_AND_REACH_REVIEW,,,,,,,,,PENDING_MANUAL_REVIEW
194,춘산면 금오리 37유,춘산면,춘산면,370023_302381,1,RELIABLE_POINT,True,183.0,458.0,275.0,0.7063829787234043,1465.0,6.006825938566553,57.40614334470989,-17.0,0,0–100m,DESCRIPTIVE_EVIDENCE,HIGH,MID,GENERAL_EMD_CONTEXT,NO_MAPPED_FACILITY_CONTEXT,HIGH_10MIN_REACH;NO_MAPPED_FACILITY_CONTEXT,ACCESS_AND_REACH_REVIEW,,,,,,,,,PENDING_MANUAL_REVIEW
197,춘산면 신흥리 782답,춘산면,춘산면,365682_305190,1,RELIABLE_POINT,True,88.0,498.0,410.0,0.723404255319149,1465.0,6.006825938566553,57.40614334470989,-17.0,0,100–300m,DESCRIPTIVE_EVIDENCE,HIGH,HIGH,GENERAL_EMD_CONTEXT,NO_MAPPED_FACILITY_CONTEXT,HIGH_10MIN_REACH;HIGH_5_TO_10_EXPANSION;NO_MAPPED_FACILITY_CONTEXT,ACCESS_AND_REACH_REVIEW,,,,,,,,,PENDING_MANUAL_REVIEW
199,춘산면 신흥리 480답,춘산면,춘산면,366024_305116,1,RELIABLE_POINT,True,148.0,553.0,405.0,0.7361702127659574,1465.0,6.006825938566553,57.40614334470989,-17.0,0,0–100m,DESCRIPTIVE_EVIDENCE,HIGH,HIGH,GENERAL_EMD_CONTEXT,NO_MAPPED_FACILITY_CONTEXT,HIGH_10MIN_REACH;HIGH_5_TO_10_EXPANSION;NO_MAPPED_FACILITY_CONTEXT,ACCESS_AND_REACH_REVIEW,,,,,,,,,PENDING_MANUAL_REVIEW
202,춘산면 대사리 516유,춘산면,춘산면,363671_307891,1,RELIABLE_POINT,True,68.0,403.0,335.0,0.6680851063829787,1465.0,6.006825938566553,57.40614334470989,-17.0,0,0–100m,DESCRIPTIVE_EVIDENCE,HIGH,HIGH,GENERAL_EMD_CONTEXT,NO_MAPPED_FACILITY_CONTEXT,HIGH_10MIN_REACH;HIGH_5_TO_10_EXPANSION;NO_MAPPED_FACILITY_CONTEXT,ACCESS_AND_REACH_REVIEW,,,,,,,,,PENDING_MANUAL_REVIEW
203,춘산면 대사리 186유,춘산면,춘산면,364773_306571,1,RELIABLE_POINT,True,13.0,323.0,310.0,0.6085106382978723,1465.0,6.006825938566553,57.40614334470989,-17.0,0,500m 이상,DESCRIPTIVE_EVIDENCE,MID,HIGH,GENERAL_EMD_CONTEXT,NO_MAPPED_FACILITY_CONTEXT,HIGH_5_TO_10_EXPANSION;NO_MAPPED_FACILITY_CONTEXT,ACCESS_AND_REACH_REVIEW,,,,,,,,,PENDING_MANUAL_REVIEW
226,가음면 장리 176유,가음면,가음면,355919_305682,1,RELIABLE_POINT,True,193.0,733.0,540.0,0.7659574468085106,1396.0,6.088825214899714,57.09169054441261,-32.0,0,500m 이상,DESCRIPTIVE_EVIDENCE,HIGH,HIGH,GENERAL_EMD_CONTEXT,NO_MAPPED_FACILITY_CONTEXT,HIGH_10MIN_REACH;HIGH_5_TO_10_EXPANSION;NO_MAPPED_FACILITY_CONTEXT,ACCESS_AND_REACH_REVIEW,,,,,,,,,PENDING_MANUAL_REVIEW
229,가음면 장리 1271유,가음면,가음면,354919_305550,1,RELIABLE_POINT,True,188.0,743.0,555.0,0.7702127659574468,1396.0,6.088825214899714,57.09169054441261,-32.0,2,100–300m,DESCRIPTIVE_EVIDENCE,HIGH,HIGH,GENERAL_EMD_CONTEXT,MAPPED_FACILITY_PRESENT,HIGH_10MIN_REACH;HIGH_5_TO_10_EXPANSION,ACCESS_AND_REACH_REVIEW,,,,,,,,,PENDING_MANUAL_REVIEW
230,가음면 장리 436유,가음면,가음면,355810_306168,1,RELIABLE_POINT,True,92.0,508.0,416.0,0.7276595744680852,1396.0,6.088825214899714,57.09169054441261,-32.0,0,500m 이상,DESCRIPTIVE_EVIDENCE,HIGH,HIGH,GENERAL_EMD_CONTEXT,NO_MAPPED_FACILITY_CONTEXT,HIGH_10MIN_REACH;HIGH_5_TO_10_EXPANSION;NO_MAPPED_FACILITY_CONTEXT,ACCESS_AND_REACH_REVIEW,,,,,,,,,PENDING_MANUAL_REVIEW
382,비안면 용남리 570답,비안면,비안면,331958_318058,1,RELIABLE_POINT,True,128.0,463.0,335.0,0.7106382978723405,2465.0,7.18052738336714,55.41582150101419,-74.0,0,300–500m,DESCRIPTIVE_EVIDENCE,HIGH,HIGH,GENERAL_EMD_CONTEXT,NO_MAPPED_FACILITY_CONTEXT,HIGH_10MIN_REACH;HIGH_5_TO_10_EXPANSION;NO_MAPPED_FACILITY_CONTEXT,ACCESS_AND_REACH_REVIEW,,,,,,,,,PENDING_MANUAL_REVIEW
385,비안면 이두리 401-1유,비안면,비안면,333764_316884,1,RELIABLE_POINT,True,83.0,448.0,365.0,0.6978723404255319,2465.0,7.18052738336714,55.41582150101419,-74.0,2,500m 이상,DESCRIPTIVE_EVIDENCE,HIGH,HIGH,GENERAL_EMD_CONTEXT,MAPPED_FACILITY_PRESENT,HIGH_10MIN_REACH;HIGH_5_TO_10_EXPANSION,ACCESS_AND_REACH_REVIEW,,,,,,,,,PENDING_MANUAL_REVIEW
422,비안면 화신리 907유,비안면,비안면,338335_314865,1,RELIABLE_POINT,True,23.0,313.0,290.0,0.6,2465.0,7.18052738336714,55.41582150101419,-74.0,0,500m 이상,DESCRIPTIVE_EVIDENCE,MID,HIGH,GENERAL_EMD_CONTEXT,NO_MAPPED_FACILITY_CONTEXT,HIGH_5_TO_10_EXPANSION;NO_MAPPED_FACILITY_CONTEXT,ACCESS_AND_REACH_REVIEW,,,,,,,,,PENDING_MANUAL_REVIEW
427,비안면 도암리 209-1유,비안면,비안면,338554_312465,1,RELIABLE_POINT,True,93.0,466.0,373.0,0.7148936170212766,2465.0,7.18052738336714,55.41582150101419,-74.0,1,500m 이상,DESCRIPTIVE_EVIDENCE,HIGH,HIGH,GENERAL_EMD_CONTEXT,MAPPED_FACILITY_PRESENT,HIGH_10MIN_REACH;HIGH_5_TO_10_EXPANSION,ACCESS_AND_REACH_REVIEW,,,,,,,,,PENDING_MANUAL_REVIEW
439,구천면 소호리 500-1,구천면,구천면,326869_316042,1,RELIABLE_POINT,True,98.0,153.0,55.0,0.4085106382978723,1618.0,6.551297898640297,58.15822002472187,-64.0,0,300–500m,DESCRIPTIVE_EVIDENCE,MID,MID,ELDERLY_HIGH,NO_MAPPED_FACILITY_CONTEXT,HIGH_ELDERLY_CONTEXT;NO_MAPPED_FACILITY_CONTEXT,COMMUNITY_SUPPORT_REVIEW,,,,,,,,,PENDING_MANUAL_REVIEW
440,구천면 소호리 562-1,구천면,구천면,326612_316138,1,RELIABLE_POINT,True,73.0,218.0,145.0,0.4957446808510638,1618.0,6.551297898640297,58.15822002472187,-64.0,0,500m 이상,DESCRIPTIVE_EVIDENCE,MID,MID,ELDERLY_HIGH,NO_MAPPED_FACILITY_CONTEXT,HIGH_ELDERLY_CONTEXT;NO_MAPPED_FACILITY_CONTEXT,COMMUNITY_SUPPORT_REVIEW,,,,,,,,,PENDING_MANUAL_REVIEW
443,구천면 소호리 1141,구천면,구천면,324933_316108,1,RELIABLE_POINT,True,23.0,73.0,50.0,0.1936170212765957,1618.0,6.551297898640297,58.15822002472187,-64.0,0,500m 이상,DESCRIPTIVE_EVIDENCE,LOW,MID,ELDERLY_HIGH,NO_MAPPED_FACILITY_CONTEXT,HIGH_ELDERLY_CONTEXT;NO_MAPPED_FACILITY_CONTEXT,COMMUNITY_SUPPORT_REVIEW,,,,,,,,,PENDING_MANUAL_REVIEW
444,구천면 용사리 152-2,구천면,구천면,327428_317790,1,RELIABLE_POINT,True,308.0,828.0,520.0,0.7787234042553192,1618.0,6.551297898640297,58.15822002472187,-64.0,0,0–100m,DESCRIPTIVE_EVIDENCE,HIGH,HIGH,ELDERLY_HIGH,NO_MAPPED_FACILITY_CONTEXT,HIGH_10MIN_REACH;HIGH_5_TO_10_EXPANSION;HIGH_ELDERLY_CONTEXT;NO_MAPPED_FACILITY_CONTEXT,COMMUNITY_SUPPORT_REVIEW,,,,,,,,,PENDING_MANUAL_REVIEW
445,구천면 내산리 845,구천면,구천면,327180_318324,1,RELIABLE_POINT,True,193.0,433.0,240.0,0.6851063829787234,1618.0,6.551297898640297,58.15822002472187,-64.0,0,300–500m,DESCRIPTIVE_EVIDENCE,HIGH,MID,ELDERLY_HIGH,NO_MAPPED_FACILITY_CONTEXT,HIGH_10MIN_REACH;HIGH_ELDERLY_CONTEXT;NO_MAPPED_FACILITY_CONTEXT,COMMUNITY_SUPPORT_REVIEW,,,,,,,,,PENDING_MANUAL_REVIEW
446,구천면 청산리 산98-1,구천면,구천면,326590_312575,1,RELIABLE_POINT,True,,43.0,,0.1042553191489361,1618.0,6.551297898640297,58.15822002472187,-64.0,0,500m 이상,DESCRIPTIVE_EVIDENCE,LOW,DATA_NOT_AVAILABLE,ELDERLY_HIGH,NO_MAPPED_FACILITY_CONTEXT,HIGH_ELDERLY_CONTEXT;NO_MAPPED_FACILITY_CONTEXT,COMMUNITY_SUPPORT_REVIEW,,,,,,,,,PENDING_MANUAL_REVIEW
454,단밀면 주선리 748유,단밀면,단밀면,322677_320366,1,RELIABLE_POINT,True,98.0,398.0,300.0,0.6617021276595745,1569.0,7.58444869343531,53.53728489483748,-37.0,0,500m 이상,DESCRIPTIVE_EVIDENCE,HIGH,HIGH,YOUTH_HIGH,NO_MAPPED_FACILITY_CONTEXT,HIGH_10MIN_REACH;HIGH_5_TO_10_EXPANSION;HIGH_YOUTH_CONTEXT;NO_MAPPED_FACILITY_CONTEXT,YOUTH_PARTICIPATION_REVIEW,,,,,,,,,PENDING_MANUAL_REVIEW
455,단밀면 서제리 1068-1답,단밀면,단밀면,322460_320535,1,RELIABLE_POINT,True,68.0,388.0,320.0,0.648936170212766,1569.0,7.58444869343531,53.53728489483748,-37.0,0,500m 이상,DESCRIPTIVE_EVIDENCE,HIGH,HIGH,YOUTH_HIGH,NO_MAPPED_FACILITY_CONTEXT,HIGH_10MIN_REACH;HIGH_5_TO_10_EXPANSION;HIGH_YOUTH_CONTEXT;NO_MAPPED_FACILITY_CONTEXT,YOUTH_PARTICIPATION_REVIEW,,,,,,,,,PENDING_MANUAL_REVIEW
458,단밀면 서제리 340-2답,단밀면,단밀면,322445_320853,1,RELIABLE_POINT,True,138.0,393.0,255.0,0.6553191489361702,1569.0,7.58444869343531,53.53728489483748,-37.0,0,300–500m,DESCRIPTIVE_EVIDENCE,HIGH,MID,YOUTH_HIGH,NO_MAPPED_FACILITY_CONTEXT,HIGH_10MIN_REACH;HIGH_YOUTH_CONTEXT;NO_MAPPED_FACILITY_CONTEXT,YOUTH_PARTICIPATION_REVIEW,,,,,,,,,PENDING_MANUAL_REVIEW
463,단밀면 생송리 296답,단밀면,단밀면,321100_319303,1,RELIABLE_POINT,True,8.0,28.0,20.0,0.0553191489361702,1569.0,7.58444869343531,53.53728489483748,-37.0,0,500m 이상,DESCRIPTIVE_EVIDENCE,LOW,LOW,YOUTH_HIGH,NO_MAPPED_FACILITY_CONTEXT,HIGH_YOUTH_CONTEXT;NO_MAPPED_FACILITY_CONTEXT,YOUTH_PARTICIPATION_REVIEW,,,,,,,,,PENDING_MANUAL_REVIEW
467,단밀면 생송리 132답,단밀면,단밀면,321117_320897,1,RELIABLE_POINT,True,33.0,208.0,175.0,0.4851063829787234,1569.0,7.58444869343531,53.53728489483748,-37.0,0,0–100m,DESCRIPTIVE_EVIDENCE,MID,MID,YOUTH_HIGH,NO_MAPPED_FACILITY_CONTEXT,HIGH_YOUTH_CONTEXT;NO_MAPPED_FACILITY_CONTEXT,YOUTH_PARTICIPATION_REVIEW,,,,,,,,,PENDING_MANUAL_REVIEW
468,단밀면 생송리 1172,단밀면,단밀면,318918_320238,1,RELIABLE_POINT,True,63.0,628.0,565.0,0.7574468085106383,1569.0,7.58444869343531,53.53728489483748,-37.0,0,0–100m,DESCRIPTIVE_EVIDENCE,HIGH,HIGH,YOUTH_HIGH,NO_MAPPED_FACILITY_CONTEXT,HIGH_10MIN_REACH;HIGH_5_TO_10_EXPANSION;HIGH_YOUTH_CONTEXT;NO_MAPPED_FACILITY_CONTEXT,YOUTH_PARTICIPATION_REVIEW,,,,,,,,,PENDING_MANUAL_REVIEW
471,단밀면 생송리 1425,단밀면,단밀면,318403_318345,1,RELIABLE_POINT,True,18.0,48.0,30.0,0.1170212765957446,1569.0,7.58444869343531,53.53728489483748,-37.0,0,500m 이상,DESCRIPTIVE_EVIDENCE,LOW,LOW,YOUTH_HIGH,NO_MAPPED_FACILITY_CONTEXT,HIGH_YOUTH_CONTEXT;NO_MAPPED_FACILITY_CONTEXT,YOUTH_PARTICIPATION_REVIEW,,,,,,,,,PENDING_MANUAL_REVIEW
473,단밀면 서제리 871답,단밀면,단밀면,322101_321566,1,RELIABLE_POINT,True,43.0,373.0,330.0,0.6382978723404256,1569.0,7.58444869343531,53.53728489483748,-37.0,0,100–300m,DESCRIPTIVE_EVIDENCE,HIGH,HIGH,YOUTH_HIGH,NO_MAPPED_FACILITY_CONTEXT,HIGH_10MIN_REACH;HIGH_5_TO_10_EXPANSION;HIGH_YOUTH_CONTEXT;NO_MAPPED_FACILITY_CONTEXT,YOUTH_PARTICIPATION_REVIEW,,,,,,,,,PENDING_MANUAL_REVIEW
474,단북면 노연리 348-2유,단북면,단북면,327993_321636,1,RELIABLE_POINT,True,2298.0,3877.0,1579.0,0.825531914893617,1631.0,7.173513182096873,55.30349478847333,-39.0,3,0–100m,DESCRIPTIVE_EVIDENCE,HIGH,HIGH,GENERAL_EMD_CONTEXT,MAPPED_FACILITY_PRESENT,HIGH_10MIN_REACH;HIGH_5_TO_10_EXPANSION,ACCESS_AND_REACH_REVIEW,,,,,,,,,PENDING_MANUAL_REVIEW
475,안계면 용기리 80유,안계면,안계면,330106_323549,1,RELIABLE_POINT,True,214.0,1704.0,1490.0,0.8042553191489362,4208.0,13.66444866920152,42.11026615969582,-43.0,0,100–300m,DESCRIPTIVE_EVIDENCE,HIGH,HIGH,YOUTH_HIGH,NO_MAPPED_FACILITY_CONTEXT,HIGH_10MIN_REACH;HIGH_5_TO_10_EXPANSION;HIGH_YOUTH_CONTEXT;NO_MAPPED_FACILITY_CONTEXT,YOUTH_PARTICIPATION_REVIEW,,,,,,,,,PENDING_MANUAL_REVIEW
477,안계면 토매리 57답,안계면,안계면,330130_321634,1,RELIABLE_POINT,True,63.0,855.0,792.0,0.7872340425531915,4208.0,13.66444866920152,42.11026615969582,-43.0,1,0–100m,DESCRIPTIVE_EVIDENCE,HIGH,HIGH,YOUTH_HIGH,MAPPED_FACILITY_PRESENT,HIGH_10MIN_REACH;HIGH_5_TO_10_EXPANSION;HIGH_YOUTH_CONTEXT,YOUTH_PARTICIPATION_REVIEW,,,,,,,,,PENDING_MANUAL_REVIEW
478,안계면 위양리 19-2유,안계면,안계면,330936_320649,1,RELIABLE_POINT,True,78.0,193.0,115.0,0.4680851063829787,4208.0,13.66444866920152,42.11026615969582,-43.0,0,100–300m,DESCRIPTIVE_EVIDENCE,MID,MID,YOUTH_HIGH,NO_MAPPED_FACILITY_CONTEXT,HIGH_YOUTH_CONTEXT;NO_MAPPED_FACILITY_CONTEXT,YOUTH_PARTICIPATION_REVIEW,,,,,,,,,PENDING_MANUAL_REVIEW
479,안계면 교촌리 134-2유,안계면,안계면,332323_318895,1,RELIABLE_POINT,True,13.0,143.0,130.0,0.3851063829787234,4208.0,13.66444866920152,42.11026615969582,-43.0,0,500m 이상,DESCRIPTIVE_EVIDENCE,MID,MID,YOUTH_HIGH,NO_MAPPED_FACILITY_CONTEXT,HIGH_YOUTH_CONTEXT;NO_MAPPED_FACILITY_CONTEXT,YOUTH_PARTICIPATION_REVIEW,,,,,,,,,PENDING_MANUAL_REVIEW
481,안계면 안정리 337유,안계면,안계면,333307_319380,1,RELIABLE_POINT,True,48.0,138.0,90.0,0.3659574468085106,4208.0,13.66444866920152,42.11026615969582,-43.0,0,500m 이상,DESCRIPTIVE_EVIDENCE,MID,MID,YOUTH_HIGH,NO_MAPPED_FACILITY_CONTEXT,HIGH_YOUTH_CONTEXT;NO_MAPPED_FACILITY_CONTEXT,YOUTH_PARTICIPATION_REVIEW,,,,,,,,,PENDING_MANUAL_REVIEW
482,안계면 안정리 174-1유,안계면,안계면,334292_320029,1,RELIABLE_POINT,True,13.0,233.0,220.0,0.5234042553191489,4208.0,13.66444866920152,42.11026615969582,-43.0,0,0–100m,DESCRIPTIVE_EVIDENCE,MID,MID,YOUTH_HIGH,NO_MAPPED_FACILITY_CONTEXT,HIGH_YOUTH_CONTEXT;NO_MAPPED_FACILITY_CONTEXT,YOUTH_PARTICIPATION_REVIEW,,,,,,,,,PENDING_MANUAL_REVIEW
485,안계면 안정리 313유,안계면,안계면,333022_318778,1,RELIABLE_POINT,True,5.0,78.0,73.0,0.2148936170212766,4208.0,13.66444866920152,42.11026615969582,-43.0,0,500m 이상,DESCRIPTIVE_EVIDENCE,MID,MID,YOUTH_HIGH,NO_MAPPED_FACILITY_CONTEXT,HIGH_YOUTH_CONTEXT;NO_MAPPED_FACILITY_CONTEXT,YOUTH_PARTICIPATION_REVIEW,,,,,,,,,PENDING_MANUAL_REVIEW
488,안계면 봉양리 472유,안계면,안계면,331393_320395,1,RELIABLE_POINT,True,53.0,348.0,295.0,0.6212765957446809,4208.0,13.66444866920152,42.11026615969582,-43.0,0,0–100m,DESCRIPTIVE_EVIDENCE,HIGH,HIGH,YOUTH_HIGH,NO_MAPPED_FACILITY_CONTEXT,HIGH_10MIN_REACH;HIGH_5_TO_10_EXPANSION;HIGH_YOUTH_CONTEXT;NO_MAPPED_FACILITY_CONTEXT,YOUTH_PARTICIPATION_REVIEW,,,,,,,,,PENDING_MANUAL_REVIEW
490,안계면 도덕리 17-1유,안계면,안계면,332628_323828,1,RELIABLE_POINT,True,18.0,128.0,110.0,0.3489361702127659,4208.0,13.66444866920152,42.11026615969582,-43.0,0,100–300m,DESCRIPTIVE_EVIDENCE,MID,MID,YOUTH_HIGH,NO_MAPPED_FACILITY_CONTEXT,HIGH_YOUTH_CONTEXT;NO_MAPPED_FACILITY_CONTEXT,YOUTH_PARTICIPATION_REVIEW,,,,,,,,,PENDING_MANUAL_REVIEW
493,안계면 도덕리 882유,안계면,안계면,331399_324323,1,RELIABLE_POINT,True,69.0,279.0,210.0,0.5829787234042553,4208.0,13.66444866920152,42.11026615969582,-43.0,0,300–500m,DESCRIPTIVE_EVIDENCE,MID,MID,YOUTH_HIGH,NO_MAPPED_FACILITY_CONTEXT,HIGH_YOUTH_CONTEXT;NO_MAPPED_FACILITY_CONTEXT,YOUTH_PARTICIPATION_REVIEW,,,,,,,,,PENDING_MANUAL_REVIEW
499,안계면 양곡리 123유,안계면,안계면,329844_325621,1,RELIABLE_POINT,True,,158.0,,0.4191489361702127,4208.0,13.66444866920152,42.11026615969582,-43.0,0,500m 이상,DESCRIPTIVE_EVIDENCE,MID,DATA_NOT_AVAILABLE,YOUTH_HIGH,NO_MAPPED_FACILITY_CONTEXT,HIGH_YOUTH_CONTEXT;NO_MAPPED_FACILITY_CONTEXT,YOUTH_PARTICIPATION_REVIEW,,,,,,,,,PENDING_MANUAL_REVIEW
501,다인면 송호리 662-2대,다인면,다인면,323704_329703,1,RELIABLE_POINT,True,68.0,78.0,10.0,0.2148936170212766,3543.0,8.354501834603443,55.96951735817104,-53.0,0,500m 이상,DESCRIPTIVE_EVIDENCE,MID,LOW,YOUTH_HIGH,NO_MAPPED_FACILITY_CONTEXT,HIGH_YOUTH_CONTEXT;NO_MAPPED_FACILITY_CONTEXT,YOUTH_PARTICIPATION_REVIEW,,,,,,,,,PENDING_MANUAL_REVIEW
502,다인면 평림리 117유,다인면,다인면,322582_330658,1,RELIABLE_POINT,True,,158.0,,0.4191489361702127,3543.0,8.354501834603443,55.96951735817104,-53.0,0,500m 이상,DESCRIPTIVE_EVIDENCE,MID,DATA_NOT_AVAILABLE,YOUTH_HIGH,NO_MAPPED_FACILITY_CONTEXT,HIGH_YOUTH_CONTEXT;NO_MAPPED_FACILITY_CONTEXT,YOUTH_PARTICIPATION_REVIEW,,,,,,,,,PENDING_MANUAL_REVIEW
507,다인면 덕지리 324유,다인면,다인면,319214_330938,1,RELIABLE_POINT,True,43.0,113.0,70.0,0.3148936170212766,3543.0,8.354501834603443,55.96951735817104,-53.0,0,500m 이상,DESCRIPTIVE_EVIDENCE,MID,MID,YOUTH_HIGH,NO_MAPPED_FACILITY_CONTEXT,HIGH_YOUTH_CONTEXT;NO_MAPPED_FACILITY_CONTEXT,YOUTH_PARTICIPATION_REVIEW,,,,,,,,,PENDING_MANUAL_REVIEW
508,다인면 덕미리 458-1유,다인면,다인면,320080_332729,1,RELIABLE_POINT,True,153.0,608.0,455.0,0.7510638297872341,3543.0,8.354501834603443,55.96951735817104,-53.0,0,0–100m,DESCRIPTIVE_EVIDENCE,HIGH,HIGH,YOUTH_HIGH,NO_MAPPED_FACILITY_CONTEXT,HIGH_10MIN_REACH;HIGH_5_TO_10_EXPANSION;HIGH_YOUTH_CONTEXT;NO_MAPPED_FACILITY_CONTEXT,YOUTH_PARTICIPATION_REVIEW,,,,,,,,,PENDING_MANUAL_REVIEW
511,다인면 덕미리 686유,다인면,다인면,320470_331555,1,RELIABLE_POINT,True,,123.0,,0.3361702127659574,3543.0,8.354501834603443,55.96951735817104,-53.0,0,500m 이상,DESCRIPTIVE_EVIDENCE,MID,DATA_NOT_AVAILABLE,YOUTH_HIGH,NO_MAPPED_FACILITY_CONTEXT,HIGH_YOUTH_CONTEXT;NO_MAPPED_FACILITY_CONTEXT,YOUTH_PARTICIPATION_REVIEW,,,,,,,,,PENDING_MANUAL_REVIEW
512,다인면 덕미리 546-2유,다인면,다인면,320465_332035,1,RELIABLE_POINT,True,108.0,193.0,85.0,0.4680851063829787,3543.0,8.354501834603443,55.96951735817104,-53.0,0,300–500m,DESCRIPTIVE_EVIDENCE,MID,MID,YOUTH_HIGH,NO_MAPPED_FACILITY_CONTEXT,HIGH_YOUTH_CONTEXT;NO_MAPPED_FACILITY_CONTEXT,YOUTH_PARTICIPATION_REVIEW,,,,,,,,,PENDING_MANUAL_REVIEW
513,다인면 용곡리 690-1유,다인면,다인면,320483_336671,1,RELIABLE_POINT,True,38.0,153.0,115.0,0.4085106382978723,3543.0,8.354501834603443,55.96951735817104,-53.0,0,500m 이상,DESCRIPTIVE_EVIDENCE,MID,MID,YOUTH_HIGH,NO_MAPPED_FACILITY_CONTEXT,HIGH_YOUTH_CONTEXT;NO_MAPPED_FACILITY_CONTEXT,YOUTH_PARTICIPATION_REVIEW,,,,,,,,,PENDING_MANUAL_REVIEW
519,다인면 삼분리 393유,다인면,다인면,327219_326544,1,RELIABLE_POINT,True,43.0,103.0,60.0,0.2914893617021276,3543.0,8.354501834603443,55.96951735817104,-53.0,0,500m 이상,DESCRIPTIVE_EVIDENCE,MID,MID,YOUTH_HIGH,NO_MAPPED_FACILITY_CONTEXT,HIGH_YOUTH_CONTEXT;NO_MAPPED_FACILITY_CONTEXT,YOUTH_PARTICIPATION_REVIEW,,,,,,,,,PENDING_MANUAL_REVIEW
543,안평면 창길리 1453유,안평면,안평면,340775_322146,1,RELIABLE_POINT,True,103.0,353.0,250.0,0.6297872340425532,2053.0,5.260594252313687,59.6687773989284,5.0,0,100–300m,DESCRIPTIVE_EVIDENCE,HIGH,MID,ELDERLY_HIGH,NO_MAPPED_FACILITY_CONTEXT,HIGH_10MIN_REACH;HIGH_ELDERLY_CONTEXT;NO_MAPPED_FACILITY_CONTEXT,COMMUNITY_SUPPORT_REVIEW,,,,,,,,,PENDING_MANUAL_REVIEW
551,안평면 창길리 92,안평면,안평면,342808_324408,1,RELIABLE_POINT,True,48.0,58.0,10.0,0.1297872340425531,2053.0,5.260594252313687,59.6687773989284,5.0,0,300–500m,DESCRIPTIVE_EVIDENCE,LOW,LOW,ELDERLY_HIGH,NO_MAPPED_FACILITY_CONTEXT,HIGH_ELDERLY_CONTEXT;NO_MAPPED_FACILITY_CONTEXT,COMMUNITY_SUPPORT_REVIEW,,,,,,,,,PENDING_MANUAL_REVIEW
556,안평면 박곡리 128유,안평면,안평면,344432_323336,1,RELIABLE_POINT,True,28.0,68.0,40.0,0.176595744680851,2053.0,5.260594252313687,59.6687773989284,5.0,0,500m 이상,DESCRIPTIVE_EVIDENCE,LOW,LOW,ELDERLY_HIGH,NO_MAPPED_FACILITY_CONTEXT,HIGH_ELDERLY_CONTEXT;NO_MAPPED_FACILITY_CONTEXT,COMMUNITY_SUPPORT_REVIEW,,,,,,,,,PENDING_MANUAL_REVIEW
557,안평면 박곡리 566유,안평면,안평면,343567_321366,1,RELIABLE_POINT,True,78.0,418.0,340.0,0.676595744680851,2053.0,5.260594252313687,59.6687773989284,5.0,0,100–300m,DESCRIPTIVE_EVIDENCE,HIGH,HIGH,ELDERLY_HIGH,NO_MAPPED_FACILITY_CONTEXT,HIGH_10MIN_REACH;HIGH_5_TO_10_EXPANSION;HIGH_ELDERLY_CONTEXT;NO_MAPPED_FACILITY_CONTEXT,COMMUNITY_SUPPORT_REVIEW,,,,,,,,,PENDING_MANUAL_REVIEW
558,안평면 박곡리 135유,안평면,안평면,344428_323508,1,RELIABLE_POINT,True,18.0,68.0,50.0,0.176595744680851,2053.0,5.260594252313687,59.6687773989284,5.0,0,500m 이상,DESCRIPTIVE_EVIDENCE,LOW,MID,ELDERLY_HIGH,NO_MAPPED_FACILITY_CONTEXT,HIGH_ELDERLY_CONTEXT;NO_MAPPED_FACILITY_CONTEXT,COMMUNITY_SUPPORT_REVIEW,,,,,,,,,PENDING_MANUAL_REVIEW
559,안평면 창길리 1079,안평면,안평면,341761_321982,1,RELIABLE_POINT,True,53.0,143.0,90.0,0.3851063829787234,2053.0,5.260594252313687,59.6687773989284,5.0,0,0–100m,DESCRIPTIVE_EVIDENCE,MID,MID,ELDERLY_HIGH,NO_MAPPED_FACILITY_CONTEXT,HIGH_ELDERLY_CONTEXT;NO_MAPPED_FACILITY_CONTEXT,COMMUNITY_SUPPORT_REVIEW,,,,,,,,,PENDING_MANUAL_REVIEW
560,안평면 석탑리 17,안평면,안평면,348148_320663,1,RELIABLE_POINT,True,8.0,33.0,25.0,0.0723404255319148,2053.0,5.260594252313687,59.6687773989284,5.0,0,500m 이상,DESCRIPTIVE_EVIDENCE,LOW,LOW,ELDERLY_HIGH,NO_MAPPED_FACILITY_CONTEXT,HIGH_ELDERLY_CONTEXT;NO_MAPPED_FACILITY_CONTEXT,COMMUNITY_SUPPORT_REVIEW,,,,,,,,,PENDING_MANUAL_REVIEW
563,안평면 석탑리 815,안평면,안평면,347076_321652,1,RELIABLE_POINT,True,18.0,23.0,5.0,0.0425531914893617,2053.0,5.260594252313687,59.6687773989284,5.0,0,500m 이상,DESCRIPTIVE_EVIDENCE,LOW,LOW,ELDERLY_HIGH,NO_MAPPED_FACILITY_CONTEXT,HIGH_ELDERLY_CONTEXT;NO_MAPPED_FACILITY_CONTEXT,COMMUNITY_SUPPORT_REVIEW,,,,,,,,,PENDING_MANUAL_REVIEW
564,안평면 석탑리 1242,안평면,안평면,345701_323729,1,RELIABLE_POINT,True,5.0,13.0,8.0,0.0212765957446808,2053.0,5.260594252313687,59.6687773989284,5.0,0,500m 이상,DESCRIPTIVE_EVIDENCE,LOW,LOW,ELDERLY_HIGH,NO_MAPPED_FACILITY_CONTEXT,HIGH_ELDERLY_CONTEXT;NO_MAPPED_FACILITY_CONTEXT,COMMUNITY_SUPPORT_REVIEW,,,,,,,,,PENDING_MANUAL_REVIEW
566,안평면 신월리 317-1유,안평면,안평면,347001_318653,1,RELIABLE_POINT,True,13.0,78.0,65.0,0.2148936170212766,2053.0,5.260594252313687,59.6687773989284,5.0,0,500m 이상,DESCRIPTIVE_EVIDENCE,MID,MID,ELDERLY_HIGH,NO_MAPPED_FACILITY_CONTEXT,HIGH_ELDERLY_CONTEXT;NO_MAPPED_FACILITY_CONTEXT,COMMUNITY_SUPPORT_REVIEW,,,,,,,,,PENDING_MANUAL_REVIEW
568,안평면 신월리 27,안평면,안평면,347920_319894,1,RELIABLE_POINT,True,18.0,148.0,130.0,0.4,2053.0,5.260594252313687,59.6687773989284,5.0,0,300–500m,DESCRIPTIVE_EVIDENCE,MID,MID,ELDERLY_HIGH,NO_MAPPED_FACILITY_CONTEXT,HIGH_ELDERLY_CONTEXT;NO_MAPPED_FACILITY_CONTEXT,COMMUNITY_SUPPORT_REVIEW,,,,,,,,,PENDING_MANUAL_REVIEW
569,안평면 신월리 813,안평면,안평면,346125_319716,1,RELIABLE_POINT,True,110.0,190.0,80.0,0.4595744680851064,2053.0,5.260594252313687,59.6687773989284,5.0,0,500m 이상,DESCRIPTIVE_EVIDENCE,MID,MID,ELDERLY_HIGH,NO_MAPPED_FACILITY_CONTEXT,HIGH_ELDERLY_CONTEXT;NO_MAPPED_FACILITY_CONTEXT,COMMUNITY_SUPPORT_REVIEW,,,,,,,,,PENDING_MANUAL_REVIEW
570,안평면 신월리 250-1,안평면,안평면,347904_318183,1,RELIABLE_POINT,True,18.0,33.0,15.0,0.0723404255319148,2053.0,5.260594252313687,59.6687773989284,5.0,0,500m 이상,DESCRIPTIVE_EVIDENCE,LOW,LOW,ELDERLY_HIGH,NO_MAPPED_FACILITY_CONTEXT,HIGH_ELDERLY_CONTEXT;NO_MAPPED_FACILITY_CONTEXT,COMMUNITY_SUPPORT_REVIEW,,,,,,,,,PENDING_MANUAL_REVIEW
571,안평면 신월리 1055,안평면,안평면,345968_320688,1,RELIABLE_POINT,True,73.0,200.0,127.0,0.4765957446808511,2053.0,5.260594252313687,59.6687773989284,5.0,0,100–300m,DESCRIPTIVE_EVIDENCE,MID,MID,ELDERLY_HIGH,NO_MAPPED_FACILITY_CONTEXT,HIGH_ELDERLY_CONTEXT;NO_MAPPED_FACILITY_CONTEXT,COMMUNITY_SUPPORT_REVIEW,,,,,,,,,PENDING_MANUAL_REVIEW
574,안평면 신월리 613-1,안평면,안평면,346357_318905,1,RELIABLE_POINT,True,73.0,180.0,107.0,0.451063829787234,2053.0,5.260594252313687,59.6687773989284,5.0,0,500m 이상,DESCRIPTIVE_EVIDENCE,MID,MID,ELDERLY_HIGH,NO_MAPPED_FACILITY_CONTEXT,HIGH_ELDERLY_CONTEXT;NO_MAPPED_FACILITY_CONTEXT,COMMUNITY_SUPPORT_REVIEW,,,,,,,,,PENDING_MANUAL_REVIEW
576,안평면 신월리 1150,안평면,안평면,345541_320433,1,RELIABLE_POINT,True,8.0,78.0,70.0,0.2148936170212766,2053.0,5.260594252313687,59.6687773989284,5.0,0,500m 이상,DESCRIPTIVE_EVIDENCE,MID,MID,ELDERLY_HIGH,NO_MAPPED_FACILITY_CONTEXT,HIGH_ELDERLY_CONTEXT;NO_MAPPED_FACILITY_CONTEXT,COMMUNITY_SUPPORT_REVIEW,,,,,,,,,PENDING_MANUAL_REVIEW
588,안평면 대사리 319,안평면,안평면,342418_316224,1,RELIABLE_POINT,True,138.0,445.0,307.0,0.6936170212765957,2053.0,5.260594252313687,59.6687773989284,5.0,0,0–100m,DESCRIPTIVE_EVIDENCE,HIGH,HIGH,ELDERLY_HIGH,NO_MAPPED_FACILITY_CONTEXT,HIGH_10MIN_REACH;HIGH_5_TO_10_EXPANSION;HIGH_ELDERLY_CONTEXT;NO_MAPPED_FACILITY_CONTEXT,COMMUNITY_SUPPORT_REVIEW,,,,,,,,,PENDING_MANUAL_REVIEW
590,안평면 대사리 895,안평면,안평면,340685_317436,1,RELIABLE_POINT,True,43.0,58.0,15.0,0.1297872340425531,2053.0,5.260594252313687,59.6687773989284,5.0,0,500m 이상,DESCRIPTIVE_EVIDENCE,LOW,LOW,ELDERLY_HIGH,NO_MAPPED_FACILITY_CONTEXT,HIGH_ELDERLY_CONTEXT;NO_MAPPED_FACILITY_CONTEXT,COMMUNITY_SUPPORT_REVIEW,,,,,,,,,PENDING_MANUAL_REVIEW
592,안평면 도옥리 829유,안평면,안평면,341971_318821,1,RELIABLE_POINT,True,73.0,348.0,275.0,0.6212765957446809,2053.0,5.260594252313687,59.6687773989284,5.0,0,300–500m,DESCRIPTIVE_EVIDENCE,HIGH,MID,ELDERLY_HIGH,NO_MAPPED_FACILITY_CONTEXT,HIGH_10MIN_REACH;HIGH_ELDERLY_CONTEXT;NO_MAPPED_FACILITY_CONTEXT,COMMUNITY_SUPPORT_REVIEW,,,,,,,,,PENDING_MANUAL_REVIEW
594,안평면 도옥리 507유,안평면,안평면,342429_317753,1,RELIABLE_POINT,True,125.0,575.0,450.0,0.7404255319148936,2053.0,5.260594252313687,59.6687773989284,5.0,0,100–300m,DESCRIPTIVE_EVIDENCE,HIGH,HIGH,ELDERLY_HIGH,NO_MAPPED_FACILITY_CONTEXT,HIGH_10MIN_REACH;HIGH_5_TO_10_EXPANSION;HIGH_ELDERLY_CONTEXT;NO_MAPPED_FACILITY_CONTEXT,COMMUNITY_SUPPORT_REVIEW,,,,,,,,,PENDING_MANUAL_REVIEW
599,안평면 기도리 1235유,안평면,안평면,339280_320911,1,RELIABLE_POINT,True,,73.0,,0.1936170212765957,2053.0,5.260594252313687,59.6687773989284,5.0,0,500m 이상,DESCRIPTIVE_EVIDENCE,LOW,DATA_NOT_AVAILABLE,ELDERLY_HIGH,NO_MAPPED_FACILITY_CONTEXT,HIGH_ELDERLY_CONTEXT;NO_MAPPED_FACILITY_CONTEXT,COMMUNITY_SUPPORT_REVIEW,,,,,,,,,PENDING_MANUAL_REVIEW
602,안평면 금곡리 869-1유,안평면,안평면,336642_325342,1,RELIABLE_POINT,True,99.0,164.0,65.0,0.4382978723404255,2053.0,5.260594252313687,59.6687773989284,5.0,0,0–100m,DESCRIPTIVE_EVIDENCE,MID,MID,ELDERLY_HIGH,NO_MAPPED_FACILITY_CONTEXT,HIGH_ELDERLY_CONTEXT;NO_MAPPED_FACILITY_CONTEXT,COMMUNITY_SUPPORT_REVIEW,,,,,,,,,PENDING_MANUAL_REVIEW
603,안평면 금곡리 493-1,안평면,안평면,336970_322771,1,RELIABLE_POINT,True,,18.0,,0.0340425531914893,2053.0,5.260594252313687,59.6687773989284,5.0,0,500m 이상,DESCRIPTIVE_EVIDENCE,LOW,DATA_NOT_AVAILABLE,ELDERLY_HIGH,NO_MAPPED_FACILITY_CONTEXT,HIGH_ELDERLY_CONTEXT;NO_MAPPED_FACILITY_CONTEXT,COMMUNITY_SUPPORT_REVIEW,,,,,,,,,PENDING_MANUAL_REVIEW
604,안평면 금곡리 379,안평면,안평면,338247_323867,1,RELIABLE_POINT,True,13.0,109.0,96.0,0.3021276595744681,2053.0,5.260594252313687,59.6687773989284,5.0,0,300–500m,DESCRIPTIVE_EVIDENCE,MID,MID,ELDERLY_HIGH,NO_MAPPED_FACILITY_CONTEXT,HIGH_ELDERLY_CONTEXT;NO_MAPPED_FACILITY_CONTEXT,COMMUNITY_SUPPORT_REVIEW,,,,,,,,,PENDING_MANUAL_REVIEW
607,안평면 금곡리 148유,안평면,안평면,339335_323431,1,RELIABLE_POINT,True,63.0,304.0,241.0,0.5914893617021276,2053.0,5.260594252313687,59.6687773989284,5.0,0,100–300m,DESCRIPTIVE_EVIDENCE,MID,MID,ELDERLY_HIGH,NO_MAPPED_FACILITY_CONTEXT,HIGH_ELDERLY_CONTEXT;NO_MAPPED_FACILITY_CONTEXT,COMMUNITY_SUPPORT_REVIEW,,,,,,,,,PENDING_MANUAL_REVIEW
609,안평면 하령리 50-1,안평면,안평면,340954_324028,1,RELIABLE_POINT,True,73.0,248.0,175.0,0.551063829787234,2053.0,5.260594252313687,59.6687773989284,5.0,0,300–500m,DESCRIPTIVE_EVIDENCE,MID,MID,ELDERLY_HIGH,NO_MAPPED_FACILITY_CONTEXT,HIGH_ELDERLY_CONTEXT;NO_MAPPED_FACILITY_CONTEXT,COMMUNITY_SUPPORT_REVIEW,,,,,,,,,PENDING_MANUAL_REVIEW
610,안평면 하령리 131유,안평면,안평면,341014_323703,1,RELIABLE_POINT,True,53.0,223.0,170.0,0.5063829787234042,2053.0,5.260594252313687,59.6687773989284,5.0,0,300–500m,DESCRIPTIVE_EVIDENCE,MID,MID,ELDERLY_HIGH,NO_MAPPED_FACILITY_CONTEXT,HIGH_ELDERLY_CONTEXT;NO_MAPPED_FACILITY_CONTEXT,COMMUNITY_SUPPORT_REVIEW,,,,,,,,,PENDING_MANUAL_REVIEW
613,안평면 삼춘리 1077유,안평면,안평면,338194_326907,1,RELIABLE_POINT,True,8.0,23.0,15.0,0.0425531914893617,2053.0,5.260594252313687,59.6687773989284,5.0,0,500m 이상,DESCRIPTIVE_EVIDENCE,LOW,LOW,ELDERLY_HIGH,NO_MAPPED_FACILITY_CONTEXT,HIGH_ELDERLY_CONTEXT;NO_MAPPED_FACILITY_CONTEXT,COMMUNITY_SUPPORT_REVIEW,,,,,,,,,PENDING_MANUAL_REVIEW
614,안평면 삼춘리 998유,안평면,안평면,339190_325329,1,RELIABLE_POINT,True,13.0,33.0,20.0,0.0723404255319148,2053.0,5.260594252313687,59.6687773989284,5.0,0,100–300m,DESCRIPTIVE_EVIDENCE,LOW,LOW,ELDERLY_HIGH,NO_MAPPED_FACILITY_CONTEXT,HIGH_ELDERLY_CONTEXT;NO_MAPPED_FACILITY_CONTEXT,COMMUNITY_SUPPORT_REVIEW,,,,,,,,,PENDING_MANUAL_REVIEW
615,안평면 삼춘리 508유,안평면,안평면,340000_327776,1,RELIABLE_POINT,True,18.0,38.0,20.0,0.0914893617021276,2053.0,5.260594252313687,59.6687773989284,5.0,0,0–100m,DESCRIPTIVE_EVIDENCE,LOW,LOW,ELDERLY_HIGH,NO_MAPPED_FACILITY_CONTEXT,HIGH_ELDERLY_CONTEXT;NO_MAPPED_FACILITY_CONTEXT,COMMUNITY_SUPPORT_REVIEW,,,,,,,,,PENDING_MANUAL_REVIEW
644,점곡면 동변리 524,점곡면,점곡면,360339_328145,1,RELIABLE_POINT,True,23.0,23.0,0.0,0.0425531914893617,1476.0,6.842818428184281,59.62059620596206,-30.0,0,0–100m,DESCRIPTIVE_EVIDENCE,LOW,LOW,ELDERLY_HIGH,NO_MAPPED_FACILITY_CONTEXT,HIGH_ELDERLY_CONTEXT;NO_MAPPED_FACILITY_CONTEXT,COMMUNITY_SUPPORT_REVIEW,,,,,,,,,PENDING_MANUAL_REVIEW
645,점곡면 사촌리 496,점곡면,점곡면,357111_326997,1,RELIABLE_POINT,True,58.0,348.0,290.0,0.6212765957446809,1476.0,6.842818428184281,59.62059620596206,-30.0,1,500m 이상,DESCRIPTIVE_EVIDENCE,HIGH,HIGH,ELDERLY_HIGH,MAPPED_FACILITY_PRESENT,HIGH_10MIN_REACH;HIGH_5_TO_10_EXPANSION;HIGH_ELDERLY_CONTEXT,ACCESS_AND_REACH_REVIEW,,,,,,,,,PENDING_MANUAL_REVIEW
646,점곡면 송내리 66,점곡면,점곡면,356606_327098,1,RELIABLE_POINT,True,118.0,443.0,325.0,0.6893617021276596,1476.0,6.842818428184281,59.62059620596206,-30.0,0,500m 이상,DESCRIPTIVE_EVIDENCE,HIGH,HIGH,ELDERLY_HIGH,NO_MAPPED_FACILITY_CONTEXT,HIGH_10MIN_REACH;HIGH_5_TO_10_EXPANSION;HIGH_ELDERLY_CONTEXT;NO_MAPPED_FACILITY_CONTEXT,COMMUNITY_SUPPORT_REVIEW,,,,,,,,,PENDING_MANUAL_REVIEW
656,가음면 양지리 164,가음면,가음면,356473_304827,1,RELIABLE_POINT,True,118.0,699.0,581.0,0.7617021276595745,1396.0,6.088825214899714,57.09169054441261,-32.0,0,100–300m,DESCRIPTIVE_EVIDENCE,HIGH,HIGH,GENERAL_EMD_CONTEXT,NO_MAPPED_FACILITY_CONTEXT,HIGH_10MIN_REACH;HIGH_5_TO_10_EXPANSION;NO_MAPPED_FACILITY_CONTEXT,ACCESS_AND_REACH_REVIEW,,,,,,,,,PENDING_MANUAL_REVIEW
660,단북면 노연리 396,단북면,단북면,327925_322087,1,RELIABLE_POINT,True,520.0,3037.0,2517.0,0.8170212765957446,1631.0,7.173513182096873,55.30349478847333,-39.0,3,100–300m,DESCRIPTIVE_EVIDENCE,HIGH,HIGH,GENERAL_EMD_CONTEXT,MAPPED_FACILITY_PRESENT,HIGH_10MIN_REACH;HIGH_5_TO_10_EXPANSION,ACCESS_AND_REACH_REVIEW,,,,,,,,,PENDING_MANUAL_REVIEW
662,단북면 정안리 935-01,단북면,단북면,326552_321644,1,RELIABLE_POINT,True,623.0,2803.0,2180.0,0.8127659574468085,1631.0,7.173513182096873,55.30349478847333,-39.0,0,100–300m,DESCRIPTIVE_EVIDENCE,HIGH,HIGH,GENERAL_EMD_CONTEXT,NO_MAPPED_FACILITY_CONTEXT,HIGH_10MIN_REACH;HIGH_5_TO_10_EXPANSION;NO_MAPPED_FACILITY_CONTEXT,ACCESS_AND_REACH_REVIEW,,,,,,,,,PENDING_MANUAL_REVIEW
667,단북면 성암리 843,단북면,단북면,323327_323414,1,RELIABLE_POINT,True,363.0,973.0,610.0,0.7914893617021277,1631.0,7.173513182096873,55.30349478847333,-39.0,1,0–100m,DESCRIPTIVE_EVIDENCE,HIGH,HIGH,GENERAL_EMD_CONTEXT,MAPPED_FACILITY_PRESENT,HIGH_10MIN_REACH;HIGH_5_TO_10_EXPANSION,ACCESS_AND_REACH_REVIEW,,,,,,,,,PENDING_MANUAL_REVIEW
668,안계면 용기리 169,안계면,안계면,329730_322432,1,RELIABLE_POINT,True,28.0,1957.0,1929.0,0.8085106382978723,4208.0,13.66444866920152,42.11026615969582,-43.0,0,100–300m,DESCRIPTIVE_EVIDENCE,HIGH,HIGH,YOUTH_HIGH,NO_MAPPED_FACILITY_CONTEXT,HIGH_10MIN_REACH;HIGH_5_TO_10_EXPANSION;HIGH_YOUTH_CONTEXT;NO_MAPPED_FACILITY_CONTEXT,YOUTH_PARTICIPATION_REVIEW,,,,,,,,,PENDING_MANUAL_REVIEW
670,안계면 시안리 357,안계면,안계면,328131_322490,1,RELIABLE_POINT,True,934.0,3258.0,2324.0,0.8212765957446808,4208.0,13.66444866920152,42.11026615969582,-43.0,2,100–300m,DESCRIPTIVE_EVIDENCE,HIGH,HIGH,YOUTH_HIGH,MAPPED_FACILITY_PRESENT,HIGH_10MIN_REACH;HIGH_5_TO_10_EXPANSION;HIGH_YOUTH_CONTEXT,YOUTH_PARTICIPATION_REVIEW,,,,,,,,,PENDING_MANUAL_REVIEW
671,안계면 시안리 185,안계면,안계면,328041_323946,1,RELIABLE_POINT,True,204.0,519.0,315.0,0.7319148936170212,4208.0,13.66444866920152,42.11026615969582,-43.0,0,100–300m,DESCRIPTIVE_EVIDENCE,HIGH,HIGH,YOUTH_HIGH,NO_MAPPED_FACILITY_CONTEXT,HIGH_10MIN_REACH;HIGH_5_TO_10_EXPANSION;HIGH_YOUTH_CONTEXT;NO_MAPPED_FACILITY_CONTEXT,YOUTH_PARTICIPATION_REVIEW,,,,,,,,,PENDING_MANUAL_REVIEW
672,안계면 양곡리 413,안계면,안계면,328922_323819,1,RELIABLE_POINT,True,23.0,249.0,226.0,0.5617021276595745,4208.0,13.66444866920152,42.11026615969582,-43.0,0,300–500m,DESCRIPTIVE_EVIDENCE,MID,MID,YOUTH_HIGH,NO_MAPPED_FACILITY_CONTEXT,HIGH_YOUTH_CONTEXT;NO_MAPPED_FACILITY_CONTEXT,YOUTH_PARTICIPATION_REVIEW,,,,,,,,,PENDING_MANUAL_REVIEW
673,안계면 시안리 295,안계면,안계면,328277_323005,1,RELIABLE_POINT,True,98.0,608.0,510.0,0.7510638297872341,4208.0,13.66444866920152,42.11026615969582,-43.0,0,0–100m,DESCRIPTIVE_EVIDENCE,HIGH,HIGH,YOUTH_HIGH,NO_MAPPED_FACILITY_CONTEXT,HIGH_10MIN_REACH;HIGH_5_TO_10_EXPANSION;HIGH_YOUTH_CONTEXT;NO_MAPPED_FACILITY_CONTEXT,YOUTH_PARTICIPATION_REVIEW,,,,,,,,,PENDING_MANUAL_REVIEW
675,다인면 가원리 1279-1,다인면,다인면,320439_326010,1,RELIABLE_POINT,True,158.0,457.0,299.0,0.7021276595744681,3543.0,8.354501834603443,55.96951735817104,-53.0,0,300–500m,DESCRIPTIVE_EVIDENCE,HIGH,HIGH,YOUTH_HIGH,NO_MAPPED_FACILITY_CONTEXT,HIGH_10MIN_REACH;HIGH_5_TO_10_EXPANSION;HIGH_YOUTH_CONTEXT;NO_MAPPED_FACILITY_CONTEXT,YOUTH_PARTICIPATION_REVIEW,,,,,,,,,PENDING_MANUAL_REVIEW
676,다인면 송호리 24,다인면,다인면,324279_328652,1,RELIABLE_POINT,True,53.0,103.0,50.0,0.2914893617021276,3543.0,8.354501834603443,55.96951735817104,-53.0,0,500m 이상,DESCRIPTIVE_EVIDENCE,MID,MID,YOUTH_HIGH,NO_MAPPED_FACILITY_CONTEXT,HIGH_YOUTH_CONTEXT;NO_MAPPED_FACILITY_CONTEXT,YOUTH_PARTICIPATION_REVIEW,,,,,,,,,PENDING_MANUAL_REVIEW
677,다인면 도암리 999,다인면,다인면,320806_329124,1,RELIABLE_POINT,True,439.0,1129.0,690.0,0.8,3543.0,8.354501834603443,55.96951735817104,-53.0,2,0–100m,DESCRIPTIVE_EVIDENCE,HIGH,HIGH,YOUTH_HIGH,MAPPED_FACILITY_PRESENT,HIGH_10MIN_REACH;HIGH_5_TO_10_EXPANSION;HIGH_YOUTH_CONTEXT,YOUTH_PARTICIPATION_REVIEW,,,,,,,,,PENDING_MANUAL_REVIEW
678,다인면 도암리 539-01,다인면,다인면,321949_329679,1,RELIABLE_POINT,True,198.0,979.0,781.0,0.7957446808510639,3543.0,8.354501834603443,55.96951735817104,-53.0,1,0–100m,DESCRIPTIVE_EVIDENCE,HIGH,HIGH,YOUTH_HIGH,MAPPED_FACILITY_PRESENT,HIGH_10MIN_REACH;HIGH_5_TO_10_EXPANSION;HIGH_YOUTH_CONTEXT,YOUTH_PARTICIPATION_REVIEW,,,,,,,,,PENDING_MANUAL_REVIEW
679,다인면 도암리 61,다인면,다인면,322471_329709,1,RELIABLE_POINT,True,128.0,423.0,295.0,0.6808510638297872,3543.0,8.354501834603443,55.96951735817104,-53.0,0,0–100m,DESCRIPTIVE_EVIDENCE,HIGH,HIGH,YOUTH_HIGH,NO_MAPPED_FACILITY_CONTEXT,HIGH_10MIN_REACH;HIGH_5_TO_10_EXPANSION;HIGH_YOUTH_CONTEXT;NO_MAPPED_FACILITY_CONTEXT,YOUTH_PARTICIPATION_REVIEW,,,,,,,,,PENDING_MANUAL_REVIEW
680,다인면 덕지리 521,다인면,다인면,319509_328142,1,RELIABLE_POINT,True,148.0,839.0,691.0,0.7829787234042553,3543.0,8.354501834603443,55.96951735817104,-53.0,0,0–100m,DESCRIPTIVE_EVIDENCE,HIGH,HIGH,YOUTH_HIGH,NO_MAPPED_FACILITY_CONTEXT,HIGH_10MIN_REACH;HIGH_5_TO_10_EXPANSION;HIGH_YOUTH_CONTEXT;NO_MAPPED_FACILITY_CONTEXT,YOUTH_PARTICIPATION_REVIEW,,,,,,,,,PENDING_MANUAL_REVIEW
682,다인면 삼분리 1073,다인면,다인면,325965_325410,1,RELIABLE_POINT,True,183.0,368.0,185.0,0.6340425531914894,3543.0,8.354501834603443,55.96951735817104,-53.0,0,100–300m,DESCRIPTIVE_EVIDENCE,HIGH,MID,YOUTH_HIGH,NO_MAPPED_FACILITY_CONTEXT,HIGH_10MIN_REACH;HIGH_YOUTH_CONTEXT;NO_MAPPED_FACILITY_CONTEXT,YOUTH_PARTICIPATION_REVIEW,,,,,,,,,PENDING_MANUAL_REVIEW
683,다인면 삼분리 1814,다인면,다인면,324582_325261,1,RELIABLE_POINT,True,138.0,483.0,345.0,0.7191489361702128,3543.0,8.354501834603443,55.96951735817104,-53.0,0,100–300m,DESCRIPTIVE_EVIDENCE,HIGH,HIGH,YOUTH_HIGH,NO_MAPPED_FACILITY_CONTEXT,HIGH_10MIN_REACH;HIGH_5_TO_10_EXPANSION;HIGH_YOUTH_CONTEXT;NO_MAPPED_FACILITY_CONTEXT,YOUTH_PARTICIPATION_REVIEW,,,,,,,,,PENDING_MANUAL_REVIEW
688,다인면 외정리 232,다인면,다인면,324236_327781,1,RELIABLE_POINT,True,78.0,278.0,200.0,0.5765957446808511,3543.0,8.354501834603443,55.96951735817104,-53.0,0,500m 이상,DESCRIPTIVE_EVIDENCE,MID,MID,YOUTH_HIGH,NO_MAPPED_FACILITY_CONTEXT,HIGH_YOUTH_CONTEXT;NO_MAPPED_FACILITY_CONTEXT,YOUTH_PARTICIPATION_REVIEW,,,,,,,,,PENDING_MANUAL_REVIEW
689,다인면 달제리 484,다인면,다인면,325814_327849,1,RELIABLE_POINT,True,43.0,78.0,35.0,0.2148936170212766,3543.0,8.354501834603443,55.96951735817104,-53.0,0,0–100m,DESCRIPTIVE_EVIDENCE,MID,LOW,YOUTH_HIGH,NO_MAPPED_FACILITY_CONTEXT,HIGH_YOUTH_CONTEXT;NO_MAPPED_FACILITY_CONTEXT,YOUTH_PARTICIPATION_REVIEW,,,,,,,,,PENDING_MANUAL_REVIEW
690,다인면 외정리 295,다인면,다인면,324725_327791,1,RELIABLE_POINT,True,78.0,218.0,140.0,0.4957446808510638,3543.0,8.354501834603443,55.96951735817104,-53.0,0,500m 이상,DESCRIPTIVE_EVIDENCE,MID,MID,YOUTH_HIGH,NO_MAPPED_FACILITY_CONTEXT,HIGH_YOUTH_CONTEXT;NO_MAPPED_FACILITY_CONTEXT,YOUTH_PARTICIPATION_REVIEW,,,,,,,,,PENDING_MANUAL_REVIEW
693,안평면 삼춘리 147-1,안평면,안평면,341811_326062,1,RELIABLE_POINT,True,13.0,48.0,35.0,0.1170212765957446,2053.0,5.260594252313687,59.6687773989284,5.0,0,100–300m,DESCRIPTIVE_EVIDENCE,LOW,LOW,ELDERLY_HIGH,NO_MAPPED_FACILITY_CONTEXT,HIGH_ELDERLY_CONTEXT;NO_MAPPED_FACILITY_CONTEXT,COMMUNITY_SUPPORT_REVIEW,,,,,,,,,PENDING_MANUAL_REVIEW
