pond_id,emd_name,classification_type,score_base,rank_base,score_access_emphasis,rank_access_emphasis,score_preservation_emphasis,rank_preservation_emphasis,score_youth_activity_emphasis,rank_youth_activity_emphasis,score_base_minmax,group_demand_percentile,group_access_percentile,group_amenity_percentile,group_youth_percentile,group_resource_percentile,random_weight_top_k_frequency,policy_candidate_example_base,status
42,단촌면,D_PRESERVATION,52.37,86,57.85,57,44.67,124,49.28,94,24.8,0.6263,0.9158,0.4605,0.4,0.2158,0.0,False,EXPERIMENTAL_POLICY_ASSUMPTION
43,단촌면,D_PRESERVATION,44.84,125,41.25,132,52.25,83,43.63,122,17.23,0.4158,0.2211,0.4605,0.4,0.7447,0.0,False,EXPERIMENTAL_POLICY_ASSUMPTION
49,단촌면,D_PRESERVATION,33.45,157,31.03,164,35.91,153,35.09,148,10.67,0.3158,0.0632,0.4605,0.4,0.4329,0.0,False,EXPERIMENTAL_POLICY_ASSUMPTION
51,단촌면,D_PRESERVATION,53.76,80,54.92,77,55.62,72,50.32,91,25.57,0.5316,0.6842,0.4605,0.4,0.6118,0.0,False,EXPERIMENTAL_POLICY_ASSUMPTION
53,단촌면,D_PRESERVATION,32.95,160,34.99,154,34.12,159,34.71,149,16.71,0.0895,0.3211,0.4605,0.4,0.3763,0.0,False,EXPERIMENTAL_POLICY_ASSUMPTION
54,단촌면,D_PRESERVATION,47.79,108,51.99,88,50.71,90,45.84,112,24.12,0.1868,0.7474,0.4605,0.4,0.5947,0.0,False,EXPERIMENTAL_POLICY_ASSUMPTION
55,단촌면,D_PRESERVATION,50.89,93,50.11,100,50.08,93,48.17,99,26.95,0.6974,0.5105,0.4605,0.4,0.4763,0.0,False,EXPERIMENTAL_POLICY_ASSUMPTION
56,단촌면,D_PRESERVATION,50.0,100,50.04,101,48.62,100,47.5,102,25.36,0.6526,0.5421,0.4605,0.4,0.4447,0.0,False,EXPERIMENTAL_POLICY_ASSUMPTION
58,단촌면,D_PRESERVATION,30.42,165,32.61,160,24.2,178,32.82,155,16.14,0.3263,0.2789,0.4605,0.4,0.0553,0.0,False,EXPERIMENTAL_POLICY_ASSUMPTION
59,단촌면,D_PRESERVATION,45.74,120,50.93,94,40.03,141,44.3,119,23.34,0.4316,0.2895,0.9368,0.4,0.2289,0.04,False,EXPERIMENTAL_POLICY_ASSUMPTION
63,단촌면,D_PRESERVATION,33.68,156,31.01,165,39.87,142,35.26,146,10.0,0.1868,0.0526,0.4605,0.4,0.5842,0.0,False,EXPERIMENTAL_POLICY_ASSUMPTION
64,단촌면,D_PRESERVATION,30.37,166,30.46,167,30.74,168,32.78,156,14.45,0.1868,0.1526,0.4605,0.4,0.3184,0.0,False,EXPERIMENTAL_POLICY_ASSUMPTION
74,단촌면,D_PRESERVATION,38.87,137,38.32,142,40.63,138,39.15,136,17.24,0.3395,0.2842,0.4605,0.4,0.4592,0.0,False,EXPERIMENTAL_POLICY_ASSUMPTION
76,단촌면,D_PRESERVATION,24.68,181,24.31,185,21.61,183,28.51,170,4.43,0.2395,0.0105,0.4605,0.4,0.1237,0.0,False,EXPERIMENTAL_POLICY_ASSUMPTION
78,단촌면,D_PRESERVATION,25.21,178,25.62,181,19.89,189,28.91,167,10.15,0.2921,0.0684,0.4605,0.4,0.0395,0.0,False,EXPERIMENTAL_POLICY_ASSUMPTION
79,점곡면,D_PRESERVATION,37.68,145,37.71,143,41.16,133,40.37,134,17.48,0.1289,0.2947,0.4605,0.4842,0.5158,0.0,False,EXPERIMENTAL_POLICY_ASSUMPTION
81,점곡면,D_PRESERVATION,50.08,99,48.69,108,47.86,104,49.66,92,22.32,0.6895,0.4579,0.4605,0.4842,0.4118,0.0,False,EXPERIMENTAL_POLICY_ASSUMPTION
82,점곡면,D_PRESERVATION,43.63,127,39.39,139,46.01,117,44.83,115,16.43,0.5474,0.1579,0.4605,0.4842,0.5316,0.0,False,EXPERIMENTAL_POLICY_ASSUMPTION
84,점곡면,D_PRESERVATION,42.16,129,37.71,143,48.79,98,43.72,121,15.17,0.3605,0.1158,0.4605,0.4842,0.6868,0.0,False,EXPERIMENTAL_POLICY_ASSUMPTION
86,점곡면,D_PRESERVATION,53.26,81,49.32,106,53.3,79,52.05,86,21.1,0.8158,0.3684,0.4605,0.4842,0.5342,0.0,False,EXPERIMENTAL_POLICY_ASSUMPTION
90,점곡면,D_PRESERVATION,47.26,111,44.8,120,51.43,88,47.55,101,19.14,0.4421,0.3368,0.4605,0.4842,0.6395,0.0,False,EXPERIMENTAL_POLICY_ASSUMPTION
91,점곡면,D_PRESERVATION,36.21,151,34.62,155,36.7,148,39.26,135,15.68,0.3158,0.1684,0.4605,0.4842,0.3816,0.0,False,EXPERIMENTAL_POLICY_ASSUMPTION
92,점곡면,B_ECO_EDUCATION,40.89,133,35.73,150,51.53,85,42.78,125,11.42,0.2184,0.0474,0.4605,0.4842,0.8342,0.001,False,EXPERIMENTAL_POLICY_ASSUMPTION
93,점곡면,D_PRESERVATION,38.79,139,34.06,157,48.5,101,41.2,131,8.95,0.1868,0.0316,0.4605,0.4842,0.7763,0.0,False,EXPERIMENTAL_POLICY_ASSUMPTION
96,점곡면,D_PRESERVATION,26.89,174,27.36,177,23.92,179,32.28,158,12.92,0.1447,0.1053,0.4605,0.4842,0.15,0.0,False,EXPERIMENTAL_POLICY_ASSUMPTION
97,점곡면,D_PRESERVATION,22.32,185,22.64,187,20.22,188,28.84,168,4.1,0.0263,0.0053,0.4605,0.4842,0.1395,0.0,False,EXPERIMENTAL_POLICY_ASSUMPTION
98,점곡면,D_PRESERVATION,56.34,68,54.89,78,55.12,75,54.36,77,25.67,0.7789,0.5789,0.4605,0.4842,0.5145,0.0,False,EXPERIMENTAL_POLICY_ASSUMPTION
100,점곡면,D_PRESERVATION,57.76,60,62.76,38,48.49,102,55.43,74,25.69,0.7421,0.9947,0.4605,0.4842,0.2066,0.026,False,EXPERIMENTAL_POLICY_ASSUMPTION
101,점곡면,D_PRESERVATION,62.03,43,61.31,43,59.38,56,58.63,61,29.24,0.9053,0.7368,0.4605,0.4842,0.5145,0.002,False,EXPERIMENTAL_POLICY_ASSUMPTION
188,춘산면,D_PRESERVATION,48.11,107,55.97,69,47.66,105,41.47,130,22.32,0.2921,0.9737,0.4605,0.2158,0.4632,0.005,False,EXPERIMENTAL_POLICY_ASSUMPTION
190,춘산면,D_PRESERVATION,62.16,42,67.71,28,59.84,55,52.01,87,42.57,0.7868,0.5842,0.9921,0.2158,0.5289,0.163,False,EXPERIMENTAL_POLICY_ASSUMPTION
193,춘산면,A_CULTURE_TOURISM,65.26,34,76.71,9,55.26,74,54.34,78,45.1,0.8026,1.0,0.9921,0.2158,0.2526,0.291,False,EXPERIMENTAL_POLICY_ASSUMPTION
194,춘산면,D_PRESERVATION,54.32,78,59.5,50,46.86,110,46.13,111,23.84,0.8579,0.9368,0.4605,0.2158,0.2447,0.007,False,EXPERIMENTAL_POLICY_ASSUMPTION
197,춘산면,D_PRESERVATION,52.24,88,55.48,73,46.12,116,44.57,117,24.38,0.8789,0.7789,0.4605,0.2158,0.2776,0.0,False,EXPERIMENTAL_POLICY_ASSUMPTION
199,춘산면,D_PRESERVATION,52.84,85,57.03,60,45.22,121,45.03,114,24.69,0.8947,0.8474,0.4605,0.2158,0.2237,0.0,False,EXPERIMENTAL_POLICY_ASSUMPTION
200,춘산면,D_PRESERVATION,50.74,94,55.1,76,49.04,94,43.45,123,22.27,0.6053,0.8158,0.4605,0.2158,0.4395,0.0,False,EXPERIMENTAL_POLICY_ASSUMPTION
201,춘산면,D_PRESERVATION,27.53,173,34.62,155,22.42,181,26.04,175,18.59,0.1132,0.5158,0.4605,0.2158,0.0711,0.0,False,EXPERIMENTAL_POLICY_ASSUMPTION
202,춘산면,D_PRESERVATION,55.42,72,61.11,45,48.93,95,46.96,107,24.19,0.8105,0.9895,0.4605,0.2158,0.2947,0.022,False,EXPERIMENTAL_POLICY_ASSUMPTION
203,춘산면,D_PRESERVATION,38.84,138,39.97,136,32.75,164,34.53,150,18.15,0.7368,0.3842,0.4605,0.2158,0.1447,0.0,False,EXPERIMENTAL_POLICY_ASSUMPTION
204,춘산면,D_PRESERVATION,24.79,180,28.76,174,21.16,186,23.99,180,14.27,0.1868,0.2737,0.4605,0.2158,0.1026,0.0,False,EXPERIMENTAL_POLICY_ASSUMPTION
213,춘산면,D_PRESERVATION,44.89,124,42.69,128,50.38,91,39.07,137,16.96,0.5947,0.3053,0.4605,0.2158,0.6684,0.0,False,EXPERIMENTAL_POLICY_ASSUMPTION
214,춘산면,D_PRESERVATION,41.53,130,39.66,137,45.88,118,36.54,142,15.64,0.5526,0.2579,0.4605,0.2158,0.5895,0.0,False,EXPERIMENTAL_POLICY_ASSUMPTION
218,춘산면,D_PRESERVATION,34.53,154,40.08,135,36.36,149,31.29,162,20.69,0.0684,0.5632,0.4605,0.2158,0.4184,0.0,False,EXPERIMENTAL_POLICY_ASSUMPTION
219,춘산면,D_PRESERVATION,28.24,172,29.92,169,34.17,158,26.57,172,13.5,0.0105,0.2053,0.4605,0.2158,0.5197,0.0,False,EXPERIMENTAL_POLICY_ASSUMPTION
220,춘산면,D_PRESERVATION,47.05,113,51.06,93,43.25,127,40.68,132,23.62,0.6368,0.7211,0.4605,0.2158,0.3184,0.0,False,EXPERIMENTAL_POLICY_ASSUMPTION
223,춘산면,D_PRESERVATION,36.87,149,36.11,149,40.64,137,33.05,153,15.07,0.4158,0.2316,0.4605,0.2158,0.5197,0.0,False,EXPERIMENTAL_POLICY_ASSUMPTION
226,가음면,B_ECO_EDUCATION,55.11,73,50.64,95,58.7,60,48.7,96,22.83,0.9316,0.3737,0.4605,0.2947,0.6947,0.004,False,EXPERIMENTAL_POLICY_ASSUMPTION
228,가음면,B_ECO_EDUCATION,54.79,74,56.26,65,56.95,68,48.46,97,24.66,0.6263,0.2474,0.9368,0.2947,0.6342,0.081,False,EXPERIMENTAL_POLICY_ASSUMPTION
229,가음면,A_CULTURE_TOURISM,76.68,13,78.84,7,81.0,6,64.88,43,43.52,0.9368,0.6947,0.9684,0.2947,0.9395,0.654,True,EXPERIMENTAL_POLICY_ASSUMPTION
230,가음면,D_PRESERVATION,45.82,119,41.99,130,44.99,122,41.73,129,17.78,0.8842,0.2263,0.4605,0.2947,0.425,0.0,False,EXPERIMENTAL_POLICY_ASSUMPTION
232,가음면,D_PRESERVATION,33.26,159,32.22,162,32.78,163,32.32,157,14.19,0.4526,0.1421,0.4605,0.2947,0.3132,0.0,False,EXPERIMENTAL_POLICY_ASSUMPTION
235,가음면,D_PRESERVATION,37.0,148,36.55,148,34.72,157,35.12,147,15.5,0.5632,0.2526,0.4605,0.2947,0.2789,0.0,False,EXPERIMENTAL_POLICY_ASSUMPTION
238,가음면,D_PRESERVATION,28.26,171,29.5,172,25.54,175,28.57,169,12.87,0.3053,0.1789,0.4605,0.2947,0.1737,0.0,False,EXPERIMENTAL_POLICY_ASSUMPTION
241,가음면,D_PRESERVATION,37.47,146,41.78,131,33.89,160,35.47,145,19.32,0.3395,0.5474,0.4605,0.2947,0.2316,0.0,False,EXPERIMENTAL_POLICY_ASSUMPTION
245,가음면,D_PRESERVATION,22.39,184,23.22,186,24.33,177,24.16,178,5.3,0.0263,0.0368,0.4605,0.2947,0.3013,0.0,False,EXPERIMENTAL_POLICY_ASSUMPTION
246,가음면,D_PRESERVATION,23.84,182,25.24,182,26.17,172,25.25,177,10.79,0.0053,0.1,0.4605,0.2947,0.3316,0.0,False,EXPERIMENTAL_POLICY_ASSUMPTION
248,가음면,D_PRESERVATION,53.08,83,56.57,63,52.54,81,47.18,106,23.12,0.5789,0.8105,0.4605,0.2947,0.5092,0.0,False,EXPERIMENTAL_POLICY_ASSUMPTION
251,가음면,D_PRESERVATION,30.24,167,32.83,159,25.61,174,30.05,165,15.56,0.3395,0.3,0.4605,0.2947,0.1171,0.0,False,EXPERIMENTAL_POLICY_ASSUMPTION
381,비안면,D_PRESERVATION,41.11,131,37.54,145,41.68,130,46.42,110,15.92,0.3895,0.1474,0.4605,0.6237,0.4342,0.0,False,EXPERIMENTAL_POLICY_ASSUMPTION
382,비안면,D_PRESERVATION,65.53,33,61.89,42,66.58,30,64.74,44,30.2,0.8632,0.6316,0.4605,0.6237,0.6974,0.0,False,EXPERIMENTAL_POLICY_ASSUMPTION
383,비안면,B_ECO_EDUCATION,54.66,76,50.43,97,61.95,49,56.59,68,22.79,0.4316,0.3789,0.4605,0.6237,0.8382,0.01,False,EXPERIMENTAL_POLICY_ASSUMPTION
384,비안면,D_PRESERVATION,35.18,153,33.24,158,35.43,155,41.98,127,15.77,0.1868,0.1263,0.4605,0.6237,0.3618,0.0,False,EXPERIMENTAL_POLICY_ASSUMPTION
385,비안면,B_ECO_EDUCATION,68.61,28,70.04,21,63.99,38,67.05,37,39.06,0.8474,0.4895,0.9684,0.6237,0.5013,0.269,False,EXPERIMENTAL_POLICY_ASSUMPTION
386,비안면,D_PRESERVATION,48.71,104,47.43,112,51.5,87,52.12,85,22.53,0.3158,0.4368,0.4605,0.6237,0.5987,0.0,False,EXPERIMENTAL_POLICY_ASSUMPTION
390,비안면,D_PRESERVATION,38.55,142,39.43,138,36.25,151,44.51,118,19.79,0.1868,0.3632,0.4605,0.6237,0.2934,0.0,False,EXPERIMENTAL_POLICY_ASSUMPTION
391,비안면,D_PRESERVATION,43.68,126,42.76,127,45.33,120,48.36,98,20.47,0.2395,0.3579,0.4605,0.6237,0.5026,0.0,False,EXPERIMENTAL_POLICY_ASSUMPTION
393,비안면,D_PRESERVATION,38.79,139,35.03,153,38.11,146,44.68,116,13.4,0.4053,0.0895,0.4605,0.6237,0.3605,0.0,False,EXPERIMENTAL_POLICY_ASSUMPTION
394,비안면,D_PRESERVATION,57.61,63,60.99,46,52.45,82,58.8,59,26.82,0.5316,0.8947,0.4605,0.6237,0.3697,0.0,False,EXPERIMENTAL_POLICY_ASSUMPTION
395,비안면,D_PRESERVATION,56.47,67,59.54,49,51.24,89,57.95,65,26.94,0.5316,0.8526,0.4605,0.6237,0.3553,0.0,False,EXPERIMENTAL_POLICY_ASSUMPTION
396,비안면,D_PRESERVATION,56.58,66,56.36,64,57.7,66,58.03,64,25.41,0.4763,0.6579,0.4605,0.6237,0.6105,0.0,False,EXPERIMENTAL_POLICY_ASSUMPTION
397,비안면,D_PRESERVATION,62.03,43,62.97,37,64.12,37,62.11,52,26.64,0.4763,0.8368,0.4605,0.6237,0.7039,0.003,False,EXPERIMENTAL_POLICY_ASSUMPTION
398,비안면,D_PRESERVATION,51.05,92,51.62,91,48.22,103,53.88,79,24.61,0.4763,0.5947,0.4605,0.6237,0.3974,0.0,False,EXPERIMENTAL_POLICY_ASSUMPTION
400,비안면,D_PRESERVATION,47.68,109,46.57,115,50.3,92,51.36,89,20.88,0.2921,0.4263,0.4605,0.6237,0.5816,0.0,False,EXPERIMENTAL_POLICY_ASSUMPTION
402,비안면,D_PRESERVATION,52.32,87,47.82,111,57.72,65,54.83,75,20.21,0.4763,0.3158,0.4605,0.6237,0.7395,0.0,False,EXPERIMENTAL_POLICY_ASSUMPTION
404,비안면,D_PRESERVATION,24.92,179,24.73,183,21.42,185,34.28,151,6.77,0.0263,0.0263,0.4605,0.6237,0.1092,0.0,False,EXPERIMENTAL_POLICY_ASSUMPTION
408,비안면,D_PRESERVATION,61.39,46,59.31,52,63.51,39,61.64,54,25.64,0.6447,0.6421,0.4605,0.6237,0.6987,0.0,False,EXPERIMENTAL_POLICY_ASSUMPTION
409,비안면,D_PRESERVATION,54.0,79,50.17,99,58.53,62,56.09,70,21.96,0.5053,0.3895,0.4605,0.6237,0.7211,0.0,False,EXPERIMENTAL_POLICY_ASSUMPTION
410,비안면,D_PRESERVATION,50.21,96,56.24,66,40.95,135,53.25,82,25.32,0.3895,0.9053,0.4605,0.6237,0.1316,0.0,False,EXPERIMENTAL_POLICY_ASSUMPTION
411,비안면,D_PRESERVATION,60.84,47,56.66,62,65.37,33,61.22,56,25.09,0.6632,0.5053,0.4605,0.6237,0.7895,0.0,False,EXPERIMENTAL_POLICY_ASSUMPTION
412,비안면,D_PRESERVATION,56.79,65,54.22,80,56.67,69,58.18,63,25.5,0.6711,0.5211,0.4605,0.6237,0.5632,0.0,False,EXPERIMENTAL_POLICY_ASSUMPTION
414,비안면,D_PRESERVATION,33.32,158,30.15,168,38.47,145,40.58,133,6.5,0.0263,0.0158,0.4605,0.6237,0.5395,0.0,False,EXPERIMENTAL_POLICY_ASSUMPTION
416,비안면,D_PRESERVATION,57.66,62,57.96,56,53.34,78,58.84,58,26.86,0.6842,0.7105,0.4605,0.6237,0.4039,0.0,False,EXPERIMENTAL_POLICY_ASSUMPTION
422,비안면,D_PRESERVATION,53.21,82,51.48,92,48.66,99,55.5,73,23.93,0.7263,0.5,0.4605,0.6237,0.35,0.0,False,EXPERIMENTAL_POLICY_ASSUMPTION
424,비안면,D_PRESERVATION,48.18,106,49.97,102,46.7,112,51.73,88,23.23,0.2921,0.6105,0.4605,0.6237,0.4224,0.0,False,EXPERIMENTAL_POLICY_ASSUMPTION
427,비안면,D_PRESERVATION,70.74,22,69.35,26,70.88,22,68.64,31,29.95,0.8684,0.3947,0.9368,0.6237,0.7132,0.377,False,EXPERIMENTAL_POLICY_ASSUMPTION
429,비안면,D_PRESERVATION,35.45,152,32.27,161,33.86,161,42.18,126,10.41,0.3395,0.0579,0.4605,0.6237,0.2908,0.0,False,EXPERIMENTAL_POLICY_ASSUMPTION
439,구천면,D_PRESERVATION,47.11,112,48.29,109,47.63,107,43.95,120,26.96,0.5053,0.5526,0.4605,0.3447,0.4921,0.0,False,EXPERIMENTAL_POLICY_ASSUMPTION
440,구천면,B_ECO_EDUCATION,51.68,89,49.32,106,57.12,67,47.38,104,25.03,0.6132,0.4316,0.4605,0.3447,0.7342,0.0,False,EXPERIMENTAL_POLICY_ASSUMPTION
443,구천면,D_PRESERVATION,29.63,168,28.83,173,31.04,167,30.84,163,12.38,0.2395,0.0842,0.4605,0.3447,0.3526,0.0,False,EXPERIMENTAL_POLICY_ASSUMPTION
444,구천면,D_PRESERVATION,70.74,22,70.62,20,74.11,17,61.67,53,30.13,0.9421,0.9474,0.4605,0.3447,0.8421,0.461,False,EXPERIMENTAL_POLICY_ASSUMPTION
445,구천면,D_PRESERVATION,54.53,77,52.8,84,54.97,77,49.51,93,25.09,0.8316,0.5263,0.4605,0.3447,0.5632,0.0,False,EXPERIMENTAL_POLICY_ASSUMPTION
446,구천면,D_PRESERVATION,30.95,164,30.5,166,35.25,156,31.83,160,12.97,0.1289,0.1316,0.4605,0.3447,0.4816,0.0,False,EXPERIMENTAL_POLICY_ASSUMPTION
454,단밀면,B_ECO_EDUCATION,61.47,45,55.5,72,61.17,51,66.04,39,25.62,0.8026,0.4105,0.4605,0.7974,0.6026,0.0,False,EXPERIMENTAL_POLICY_ASSUMPTION
455,단밀면,B_ECO_EDUCATION,60.11,52,55.2,74,57.91,64,65.01,42,26.24,0.7868,0.4474,0.4605,0.7974,0.5132,0.0,False,EXPERIMENTAL_POLICY_ASSUMPTION
458,단밀면,D_PRESERVATION,65.79,32,62.15,41,64.34,35,69.28,30,29.09,0.7947,0.6368,0.4605,0.7974,0.6,0.0,False,EXPERIMENTAL_POLICY_ASSUMPTION
463,단밀면,D_PRESERVATION,45.03,123,44.45,122,46.76,111,53.7,80,21.34,0.0684,0.4053,0.4605,0.7974,0.5197,0.0,False,EXPERIMENTAL_POLICY_ASSUMPTION
467,단밀면,D_PRESERVATION,57.74,61,60.82,47,47.05,108,63.24,48,26.59,0.6,0.8789,0.4605,0.7974,0.15,0.006,False,EXPERIMENTAL_POLICY_ASSUMPTION
468,단밀면,D_PRESERVATION,70.18,26,70.78,19,61.42,50,72.57,23,30.62,0.9211,0.9789,0.4605,0.7974,0.3513,0.344,False,EXPERIMENTAL_POLICY_ASSUMPTION
471,단밀면,D_PRESERVATION,46.16,116,46.17,116,45.67,119,54.55,76,23.33,0.1447,0.4632,0.4605,0.7974,0.4421,0.0,False,EXPERIMENTAL_POLICY_ASSUMPTION
473,단밀면,D_PRESERVATION,71.21,21,67.52,29,73.08,18,73.34,21,29.3,0.7737,0.7421,0.4605,0.7974,0.7868,0.233,False,EXPERIMENTAL_POLICY_ASSUMPTION
474,단북면,A_CULTURE_TOURISM,80.16,5,84.8,5,74.79,15,73.61,19,66.58,1.0,0.8895,0.9921,0.5395,0.5868,0.779,True,EXPERIMENTAL_POLICY_ASSUMPTION
475,안계면,D_PRESERVATION,79.11,9,73.75,13,78.34,10,83.34,6,50.13,0.9737,0.8,0.4605,0.9605,0.7605,0.918,True,EXPERIMENTAL_POLICY_ASSUMPTION
477,안계면,A_CULTURE_TOURISM,85.05,4,86.35,4,77.8,11,87.8,4,53.3,0.9526,0.8421,0.9368,0.9605,0.5605,0.949,True,EXPERIMENTAL_POLICY_ASSUMPTION
478,안계면,D_PRESERVATION,67.37,30,64.34,34,67.11,28,74.54,18,44.89,0.5789,0.7053,0.4605,0.9605,0.6632,0.161,False,EXPERIMENTAL_POLICY_ASSUMPTION
479,안계면,B_ECO_EDUCATION,62.42,40,57.18,59,65.57,32,70.83,26,41.53,0.4763,0.4737,0.4605,0.9605,0.75,0.102,False,EXPERIMENTAL_POLICY_ASSUMPTION
481,안계면,D_PRESERVATION,62.21,41,56.08,67,67.18,27,70.67,27,38.1,0.4526,0.4158,0.4605,0.9605,0.8211,0.14,False,EXPERIMENTAL_POLICY_ASSUMPTION
482,안계면,D_PRESERVATION,69.29,27,69.75,23,63.12,42,75.98,15,41.82,0.6447,0.9526,0.4605,0.9605,0.4461,0.296,False,EXPERIMENTAL_POLICY_ASSUMPTION
485,안계면,B_ECO_EDUCATION,51.66,91,46.15,117,55.09,76,62.76,49,35.02,0.2658,0.2421,0.4605,0.9605,0.6539,0.007,False,EXPERIMENTAL_POLICY_ASSUMPTION
488,안계면,D_PRESERVATION,77.79,12,74.71,11,78.47,9,82.36,8,45.61,0.7526,0.9105,0.4605,0.9605,0.8053,0.823,True,EXPERIMENTAL_POLICY_ASSUMPTION
490,안계면,D_PRESERVATION,64.37,38,62.69,39,64.26,36,72.29,24,40.47,0.4316,0.7263,0.4605,0.9605,0.6395,0.105,False,EXPERIMENTAL_POLICY_ASSUMPTION
493,안계면,D_PRESERVATION,65.18,35,61.13,44,62.21,48,72.9,22,39.97,0.7053,0.6,0.4605,0.9605,0.5329,0.074,False,EXPERIMENTAL_POLICY_ASSUMPTION
499,안계면,D_PRESERVATION,58.16,56,49.78,103,62.83,45,67.63,34,34.11,0.5184,0.2,0.4605,0.9605,0.7684,0.057,False,EXPERIMENTAL_POLICY_ASSUMPTION
501,다인면,B_ECO_EDUCATION,55.53,71,52.76,85,59.08,57,63.36,47,27.32,0.2658,0.4842,0.4605,0.8684,0.6974,0.0,False,EXPERIMENTAL_POLICY_ASSUMPTION
502,다인면,B_ECO_EDUCATION,57.89,59,52.06,87,60.92,52,65.13,41,26.99,0.5184,0.3474,0.4605,0.8684,0.7,0.0,False,EXPERIMENTAL_POLICY_ASSUMPTION
507,다인면,D_PRESERVATION,56.08,70,52.08,86,58.67,61,63.77,46,24.97,0.3895,0.4211,0.4605,0.8684,0.6645,0.0,False,EXPERIMENTAL_POLICY_ASSUMPTION
508,다인면,D_PRESERVATION,71.58,19,71.45,17,63.03,44,75.39,16,31.22,0.9132,0.9632,0.4605,0.8684,0.3737,0.44,True,EXPERIMENTAL_POLICY_ASSUMPTION
511,다인면,D_PRESERVATION,56.11,69,53.32,83,56.22,70,63.79,45,25.85,0.4158,0.4947,0.4605,0.8684,0.5658,0.0,False,EXPERIMENTAL_POLICY_ASSUMPTION
512,다인면,D_PRESERVATION,60.53,50,58.11,55,58.22,63,67.11,36,27.22,0.5789,0.6053,0.4605,0.8684,0.5132,0.0,False,EXPERIMENTAL_POLICY_ASSUMPTION
513,다인면,D_PRESERVATION,49.45,101,44.24,123,47.64,106,58.8,59,19.89,0.5053,0.2158,0.4605,0.8684,0.4224,0.0,False,EXPERIMENTAL_POLICY_ASSUMPTION
519,다인면,B_ECO_EDUCATION,60.16,51,54.45,79,68.08,26,66.83,38,27.11,0.3605,0.4,0.4605,0.8684,0.9184,0.1,False,EXPERIMENTAL_POLICY_ASSUMPTION
543,안평면,D_PRESERVATION,54.68,75,55.18,75,60.03,54,43.18,124,21.68,0.7632,0.6632,0.4605,0.0868,0.7605,0.0,False,EXPERIMENTAL_POLICY_ASSUMPTION
550,안평면,A_CULTURE_TOURISM,62.53,39,69.49,25,63.41,40,49.07,95,35.37,0.7105,0.7,0.9684,0.0868,0.6605,0.198,False,EXPERIMENTAL_POLICY_ASSUMPTION
551,안평면,D_PRESERVATION,36.84,150,42.5,129,40.59,139,29.8,166,18.23,0.1605,0.6158,0.4605,0.0868,0.5184,0.0,False,EXPERIMENTAL_POLICY_ASSUMPTION
556,안평면,D_PRESERVATION,25.37,177,26.43,179,28.83,170,21.2,184,9.4,0.2184,0.1105,0.4605,0.0868,0.3921,0.0,False,EXPERIMENTAL_POLICY_ASSUMPTION
557,안평면,D_PRESERVATION,58.05,57,59.1,53,62.82,46,45.71,113,23.42,0.8211,0.7632,0.4605,0.0868,0.7711,0.018,False,EXPERIMENTAL_POLICY_ASSUMPTION
558,안평면,D_PRESERVATION,18.89,189,22.55,188,15.22,190,16.34,189,10.19,0.2184,0.1368,0.4605,0.0868,0.0421,0.0,False,EXPERIMENTAL_POLICY_ASSUMPTION
559,안평면,D_PRESERVATION,48.24,105,55.97,69,46.67,113,38.35,139,22.73,0.4763,0.9684,0.4605,0.0868,0.4197,0.002,False,EXPERIMENTAL_POLICY_ASSUMPTION
560,안평면,D_PRESERVATION,25.89,176,28.1,175,31.13,166,21.59,183,11.75,0.0895,0.1895,0.4605,0.0868,0.4684,0.0,False,EXPERIMENTAL_POLICY_ASSUMPTION
563,안평면,D_PRESERVATION,23.47,183,26.83,178,26.68,171,19.78,185,12.01,0.0526,0.2105,0.4605,0.0868,0.3632,0.0,False,EXPERIMENTAL_POLICY_ASSUMPTION
564,안평면,D_PRESERVATION,17.61,190,19.76,190,20.34,187,15.38,190,1.93,0.0263,0.0211,0.4605,0.0868,0.2855,0.0,False,EXPERIMENTAL_POLICY_ASSUMPTION
566,안평면,D_PRESERVATION,26.5,175,29.82,170,25.96,173,22.05,182,13.08,0.2658,0.2684,0.4605,0.0868,0.2434,0.0,False,EXPERIMENTAL_POLICY_ASSUMPTION
568,안평면,D_PRESERVATION,41.03,132,44.59,121,41.66,131,32.94,154,19.43,0.4947,0.5737,0.4605,0.0868,0.4355,0.0,False,EXPERIMENTAL_POLICY_ASSUMPTION
569,안평면,D_PRESERVATION,38.92,136,40.99,133,38.89,144,31.36,161,17.89,0.5684,0.4421,0.4605,0.0868,0.3882,0.0,False,EXPERIMENTAL_POLICY_ASSUMPTION
570,안평면,D_PRESERVATION,21.11,187,24.64,184,21.95,182,18.0,187,10.77,0.0895,0.1737,0.4605,0.0868,0.2447,0.0,False,EXPERIMENTAL_POLICY_ASSUMPTION
571,안평면,D_PRESERVATION,49.16,103,51.94,89,52.66,80,39.04,138,21.04,0.5895,0.6895,0.4605,0.0868,0.6316,0.0,False,EXPERIMENTAL_POLICY_ASSUMPTION
574,안평면,D_PRESERVATION,31.32,163,31.8,163,30.13,169,25.66,176,12.59,0.5579,0.1947,0.4605,0.0868,0.2658,0.0,False,EXPERIMENTAL_POLICY_ASSUMPTION
576,안평면,D_PRESERVATION,32.29,161,36.75,146,32.93,162,26.39,173,17.19,0.2658,0.4526,0.4605,0.0868,0.3487,0.0,False,EXPERIMENTAL_POLICY_ASSUMPTION
588,안평면,D_PRESERVATION,53.0,84,59.41,51,46.66,114,41.92,128,23.05,0.8421,0.9842,0.4605,0.0868,0.2763,0.021,False,EXPERIMENTAL_POLICY_ASSUMPTION
590,안평면,D_PRESERVATION,28.79,170,29.59,171,35.8,154,23.76,181,11.6,0.1605,0.1632,0.4605,0.0868,0.5684,0.0,False,EXPERIMENTAL_POLICY_ASSUMPTION
592,안평면,D_PRESERVATION,46.37,115,49.38,105,44.05,126,36.95,141,21.36,0.7526,0.6474,0.4605,0.0868,0.3711,0.0,False,EXPERIMENTAL_POLICY_ASSUMPTION
594,안평면,D_PRESERVATION,59.11,53,59.89,48,62.82,46,46.5,109,24.11,0.9,0.7684,0.4605,0.0868,0.7395,0.026,False,EXPERIMENTAL_POLICY_ASSUMPTION
599,안평면,D_PRESERVATION,29.16,169,27.82,176,37.59,147,24.04,179,5.67,0.2395,0.0421,0.4605,0.0868,0.6289,0.0,False,EXPERIMENTAL_POLICY_ASSUMPTION
602,안평면,D_PRESERVATION,45.47,121,53.69,81,40.16,140,36.28,143,20.71,0.5421,0.9421,0.4605,0.0868,0.2421,0.0,False,EXPERIMENTAL_POLICY_ASSUMPTION
603,안평면,D_PRESERVATION,21.39,186,26.32,180,21.47,184,18.22,186,12.29,0.0421,0.2632,0.4605,0.0868,0.2171,0.0,False,EXPERIMENTAL_POLICY_ASSUMPTION
604,안평면,D_PRESERVATION,34.16,155,39.39,139,31.87,165,27.79,171,18.15,0.3737,0.5368,0.4605,0.0868,0.25,0.0,False,EXPERIMENTAL_POLICY_ASSUMPTION
607,안평면,D_PRESERVATION,45.05,122,50.61,96,39.18,143,35.96,144,21.78,0.7158,0.7737,0.4605,0.0868,0.2158,0.0,False,EXPERIMENTAL_POLICY_ASSUMPTION
609,안평면,D_PRESERVATION,47.39,110,49.62,104,48.8,97,37.72,140,20.39,0.6711,0.6211,0.4605,0.0868,0.5303,0.0,False,EXPERIMENTAL_POLICY_ASSUMPTION
610,안평면,D_PRESERVATION,42.21,128,45.29,119,40.87,136,33.83,152,20.08,0.6263,0.5684,0.4605,0.0868,0.3684,0.0,False,EXPERIMENTAL_POLICY_ASSUMPTION
613,안평면,D_PRESERVATION,20.16,188,22.34,189,23.47,180,17.29,188,6.64,0.0526,0.0737,0.4605,0.0868,0.3342,0.0,False,EXPERIMENTAL_POLICY_ASSUMPTION
614,안평면,D_PRESERVATION,37.95,144,45.52,118,41.16,133,30.63,164,19.32,0.0895,0.7526,0.4605,0.0868,0.5079,0.0,False,EXPERIMENTAL_POLICY_ASSUMPTION
615,안평면,D_PRESERVATION,32.0,162,43.75,124,25.38,176,26.17,174,19.77,0.1132,0.8842,0.4605,0.0868,0.0553,0.0,False,EXPERIMENTAL_POLICY_ASSUMPTION
616,안사면,D_PRESERVATION,37.47,146,36.61,147,36.26,150,46.53,108,17.32,0.1132,0.2368,0.4605,0.7368,0.3263,0.0,False,EXPERIMENTAL_POLICY_ASSUMPTION
618,안사면,D_PRESERVATION,46.95,114,40.29,134,52.25,83,53.63,81,14.65,0.3895,0.0789,0.4605,0.7368,0.6816,0.0,False,EXPERIMENTAL_POLICY_ASSUMPTION
623,안사면,D_PRESERVATION,70.21,25,70.01,22,68.91,24,71.08,25,28.07,0.7316,0.9316,0.4605,0.7368,0.65,0.219,False,EXPERIMENTAL_POLICY_ASSUMPTION
624,안사면,D_PRESERVATION,58.39,55,62.57,40,46.46,115,62.22,51,26.17,0.6579,0.9579,0.4605,0.7368,0.1066,0.035,False,EXPERIMENTAL_POLICY_ASSUMPTION
626,안사면,D_PRESERVATION,50.21,96,55.62,71,44.11,125,56.08,71,25.5,0.1868,0.8684,0.4605,0.7368,0.2579,0.0,False,EXPERIMENTAL_POLICY_ASSUMPTION
629,안사면,D_PRESERVATION,45.84,118,43.68,125,46.95,109,52.8,84,19.86,0.2658,0.3263,0.4605,0.7368,0.5026,0.0,False,EXPERIMENTAL_POLICY_ASSUMPTION
631,안사면,D_PRESERVATION,38.76,141,35.1,152,41.61,132,47.49,103,14.36,0.1447,0.0947,0.4605,0.7368,0.5013,0.0,False,EXPERIMENTAL_POLICY_ASSUMPTION
632,안사면,D_PRESERVATION,67.87,29,64.85,32,69.88,23,69.32,29,28.28,0.7211,0.7158,0.4605,0.7368,0.7592,0.017,False,EXPERIMENTAL_POLICY_ASSUMPTION
634,안사면,D_PRESERVATION,38.42,143,38.99,141,36.12,152,47.24,105,19.5,0.0895,0.3421,0.4605,0.7368,0.2921,0.0,False,EXPERIMENTAL_POLICY_ASSUMPTION
636,안사면,D_PRESERVATION,50.53,95,50.22,98,48.82,96,56.32,69,25.36,0.3605,0.5316,0.4605,0.7368,0.4368,0.0,False,EXPERIMENTAL_POLICY_ASSUMPTION
637,안사면,D_PRESERVATION,57.42,64,56.83,61,58.86,59,61.49,55,26.32,0.3895,0.6526,0.4605,0.7368,0.6316,0.0,False,EXPERIMENTAL_POLICY_ASSUMPTION
638,안사면,B_ECO_EDUCATION,50.18,98,47.01,114,56.16,71,56.06,72,22.92,0.2184,0.3526,0.4605,0.7368,0.7408,0.0,False,EXPERIMENTAL_POLICY_ASSUMPTION
641,안사면,D_PRESERVATION,46.16,116,48.27,110,44.82,123,53.04,83,23.09,0.1132,0.5895,0.4605,0.7368,0.4079,0.0,False,EXPERIMENTAL_POLICY_ASSUMPTION
642,안사면,D_PRESERVATION,59.0,54,58.15,54,60.04,53,62.67,50,27.05,0.4526,0.6684,0.4605,0.7368,0.6316,0.0,False,EXPERIMENTAL_POLICY_ASSUMPTION
644,점곡면,D_PRESERVATION,51.68,89,57.48,58,55.41,73,50.87,90,26.09,0.0526,0.9211,0.4605,0.4842,0.6658,0.007,False,EXPERIMENTAL_POLICY_ASSUMPTION
645,점곡면,B_ECO_EDUCATION,64.68,36,66.54,30,63.32,41,60.62,57,31.94,0.7526,0.4684,0.9368,0.4842,0.5921,0.164,False,EXPERIMENTAL_POLICY_ASSUMPTION
646,점곡면,B_ECO_EDUCATION,60.55,49,56.03,68,64.59,34,57.52,66,25.33,0.8368,0.4789,0.4605,0.4842,0.7671,0.0,False,EXPERIMENTAL_POLICY_ASSUMPTION
656,가음면,D_PRESERVATION,66.26,31,64.04,35,72.2,20,57.07,67,37.32,0.9263,0.7316,0.4605,0.2947,0.9,0.223,False,EXPERIMENTAL_POLICY_ASSUMPTION
660,단북면,A_CULTURE_TOURISM,73.47,15,76.75,8,67.08,29,68.59,32,60.26,0.9895,0.6737,0.9921,0.5395,0.4789,0.494,True,EXPERIMENTAL_POLICY_ASSUMPTION
662,단북면,D_PRESERVATION,72.55,18,69.73,24,74.97,14,67.9,33,46.13,0.9842,0.8211,0.4605,0.5395,0.8224,0.508,True,EXPERIMENTAL_POLICY_ASSUMPTION
667,단북면,A_CULTURE_TOURISM,79.89,6,83.88,6,76.43,13,73.41,20,43.79,0.9579,0.9,0.9368,0.5395,0.6605,0.815,True,EXPERIMENTAL_POLICY_ASSUMPTION
668,안계면,D_PRESERVATION,75.42,14,71.2,18,70.97,21,80.58,11,50.22,0.9789,0.7947,0.4605,0.9605,0.5763,0.645,True,EXPERIMENTAL_POLICY_ASSUMPTION
670,안계면,A_CULTURE_TOURISM,88.03,3,87.89,3,83.36,4,90.03,1,71.91,0.9947,0.7842,0.9684,0.9605,0.6934,0.992,True,EXPERIMENTAL_POLICY_ASSUMPTION
671,안계면,D_PRESERVATION,78.55,11,72.68,15,80.39,7,82.93,7,48.82,0.8895,0.7579,0.4605,0.9605,0.8592,0.876,True,EXPERIMENTAL_POLICY_ASSUMPTION
672,안계면,D_PRESERVATION,70.58,24,64.03,36,74.71,16,76.95,12,43.32,0.6789,0.5579,0.4605,0.9605,0.8711,0.376,False,EXPERIMENTAL_POLICY_ASSUMPTION
673,안계면,D_PRESERVATION,79.26,8,74.29,12,79.51,8,83.46,5,46.4,0.9132,0.8263,0.4605,0.9605,0.8026,0.947,True,EXPERIMENTAL_POLICY_ASSUMPTION
675,다인면,D_PRESERVATION,71.58,19,65.83,31,72.96,19,75.39,16,31.85,0.8526,0.6263,0.4605,0.8684,0.7711,0.384,True,EXPERIMENTAL_POLICY_ASSUMPTION
676,다인면,B_ECO_EDUCATION,49.18,102,43.54,126,51.53,85,58.6,62,21.62,0.3605,0.1842,0.4605,0.8684,0.5855,0.0,False,EXPERIMENTAL_POLICY_ASSUMPTION
677,다인면,A_CULTURE_TOURISM,88.58,2,89.58,2,85.45,2,88.14,3,51.47,0.9684,0.8632,0.9684,0.8684,0.7605,1.0,True,EXPERIMENTAL_POLICY_ASSUMPTION
678,다인면,A_CULTURE_TOURISM,89.71,1,89.98,1,88.37,1,88.99,2,46.66,0.9632,0.8737,0.9368,0.8684,0.8434,1.0,True,EXPERIMENTAL_POLICY_ASSUMPTION
679,다인면,D_PRESERVATION,79.89,6,75.24,10,84.46,3,81.63,9,38.25,0.8263,0.8579,0.4605,0.8684,0.9816,0.918,True,EXPERIMENTAL_POLICY_ASSUMPTION
680,다인면,D_PRESERVATION,73.26,16,71.96,16,66.46,31,76.66,13,34.41,0.9474,0.9263,0.4605,0.8684,0.4605,0.545,True,EXPERIMENTAL_POLICY_ASSUMPTION
682,다인면,D_PRESERVATION,73.24,17,67.82,27,77.07,12,76.64,14,37.43,0.7684,0.6789,0.4605,0.8684,0.8855,0.517,True,EXPERIMENTAL_POLICY_ASSUMPTION
683,다인면,D_PRESERVATION,78.68,10,73.55,14,82.17,5,80.72,10,37.85,0.8737,0.8053,0.4605,0.8684,0.9263,0.909,True,EXPERIMENTAL_POLICY_ASSUMPTION
688,다인면,B_ECO_EDUCATION,60.74,48,53.34,82,63.05,43,67.26,35,26.19,0.6974,0.3105,0.4605,0.8684,0.7,0.001,False,EXPERIMENTAL_POLICY_ASSUMPTION
689,다인면,D_PRESERVATION,64.68,36,64.66,33,68.71,25,70.22,28,29.75,0.2658,0.8316,0.4605,0.8684,0.8079,0.193,False,EXPERIMENTAL_POLICY_ASSUMPTION
690,다인면,B_ECO_EDUCATION,57.95,58,51.83,90,59.05,58,65.17,40,25.3,0.6132,0.3316,0.4605,0.8684,0.6237,0.0,False,EXPERIMENTAL_POLICY_ASSUMPTION
693,안평면,D_PRESERVATION,39.79,134,47.36,113,42.54,129,32.01,159,19.96,0.1447,0.7895,0.4605,0.0868,0.5079,0.0,False,EXPERIMENTAL_POLICY_ASSUMPTION
695,안사면,D_PRESERVATION,38.95,135,35.66,151,43.22,128,47.63,100,16.67,0.0684,0.1211,0.4605,0.7368,0.5605,0.0,False,EXPERIMENTAL_POLICY_ASSUMPTION
