pond_id,exclusion_reason
1,COORDINATE_REVIEW_TARGET
2,COORDINATE_REVIEW_TARGET
3,COORDINATE_REVIEW_TARGET
4,COORDINATE_REVIEW_TARGET
5,COORDINATE_REVIEW_TARGET
6,COORDINATE_REVIEW_TARGET
7,COORDINATE_REVIEW_TARGET
8,COORDINATE_REVIEW_TARGET
9,COORDINATE_REVIEW_TARGET
10,COORDINATE_REVIEW_TARGET
11,COORDINATE_REVIEW_TARGET
12,COORDINATE_REVIEW_TARGET
13,COORDINATE_REVIEW_TARGET
14,COORDINATE_REVIEW_TARGET
15,COORDINATE_REVIEW_TARGET
16,COORDINATE_REVIEW_TARGET
17,COORDINATE_REVIEW_TARGET
18,COORDINATE_REVIEW_TARGET
19,COORDINATE_REVIEW_TARGET
20,COORDINATE_REVIEW_TARGET
21,COORDINATE_REVIEW_TARGET
22,COORDINATE_REVIEW_TARGET
23,COORDINATE_REVIEW_TARGET
24,COORDINATE_REVIEW_TARGET
25,COORDINATE_REVIEW_TARGET
26,COORDINATE_REVIEW_TARGET
27,COORDINATE_REVIEW_TARGET
28,COORDINATE_REVIEW_TARGET
29,COORDINATE_REVIEW_TARGET
30,COORDINATE_REVIEW_TARGET
31,COORDINATE_REVIEW_TARGET
32,COORDINATE_REVIEW_TARGET
33,COORDINATE_REVIEW_TARGET
34,COORDINATE_REVIEW_TARGET
35,COORDINATE_REVIEW_TARGET
36,COORDINATE_REVIEW_TARGET
37,COORDINATE_REVIEW_TARGET
38,COORDINATE_REVIEW_TARGET
39,COORDINATE_REVIEW_TARGET
40,COORDINATE_REVIEW_TARGET
41,COORDINATE_REVIEW_TARGET
44,SGIS_10MIN_NOT_AVAILABLE
45,SGIS_10MIN_NOT_AVAILABLE
46,SGIS_10MIN_NOT_AVAILABLE
47,SGIS_10MIN_NOT_AVAILABLE
48,SGIS_10MIN_NOT_AVAILABLE
50,SGIS_10MIN_NOT_AVAILABLE
52,SGIS_10MIN_NOT_AVAILABLE
57,SGIS_10MIN_NOT_AVAILABLE
60,SGIS_10MIN_NOT_AVAILABLE
61,SGIS_10MIN_NOT_AVAILABLE
62,SGIS_10MIN_NOT_AVAILABLE
65,SGIS_10MIN_NOT_AVAILABLE
66,SGIS_10MIN_NOT_AVAILABLE
67,SGIS_10MIN_NOT_AVAILABLE
68,SGIS_10MIN_NOT_AVAILABLE
69,SGIS_10MIN_NOT_AVAILABLE
70,SGIS_10MIN_NOT_AVAILABLE
71,SGIS_10MIN_NOT_AVAILABLE
72,SGIS_10MIN_NOT_AVAILABLE
73,SGIS_10MIN_NOT_AVAILABLE
75,SGIS_10MIN_NOT_AVAILABLE
77,SGIS_10MIN_NOT_AVAILABLE
80,SGIS_10MIN_NOT_AVAILABLE
83,SGIS_10MIN_NOT_AVAILABLE
85,SGIS_10MIN_NOT_AVAILABLE
87,SGIS_10MIN_NOT_AVAILABLE
88,SGIS_10MIN_NOT_AVAILABLE
89,SGIS_10MIN_NOT_AVAILABLE
94,SGIS_10MIN_NOT_AVAILABLE
95,SGIS_10MIN_NOT_AVAILABLE
99,SGIS_10MIN_NOT_AVAILABLE
102,SGIS_10MIN_NOT_AVAILABLE
103,SGIS_10MIN_NOT_AVAILABLE
189,SGIS_10MIN_NOT_AVAILABLE
191,SGIS_10MIN_NOT_AVAILABLE
192,SGIS_10MIN_NOT_AVAILABLE
195,SGIS_10MIN_NOT_AVAILABLE
196,SGIS_10MIN_NOT_AVAILABLE
198,SGIS_10MIN_NOT_AVAILABLE
215,COORDINATE_REVIEW_TARGET
216,SGIS_10MIN_NOT_AVAILABLE
217,SGIS_10MIN_NOT_AVAILABLE
221,SGIS_10MIN_NOT_AVAILABLE
222,SGIS_10MIN_NOT_AVAILABLE
224,SGIS_10MIN_NOT_AVAILABLE
225,SGIS_10MIN_NOT_AVAILABLE
227,SGIS_10MIN_NOT_AVAILABLE
231,SGIS_10MIN_NOT_AVAILABLE
233,SGIS_10MIN_NOT_AVAILABLE
234,SGIS_10MIN_NOT_AVAILABLE
236,SGIS_10MIN_NOT_AVAILABLE
237,SGIS_10MIN_NOT_AVAILABLE
239,SGIS_10MIN_NOT_AVAILABLE
240,SGIS_10MIN_NOT_AVAILABLE
242,SGIS_10MIN_NOT_AVAILABLE
243,SGIS_10MIN_NOT_AVAILABLE
244,SGIS_10MIN_NOT_AVAILABLE
247,SGIS_10MIN_NOT_AVAILABLE
249,SGIS_10MIN_NOT_AVAILABLE
250,SGIS_10MIN_NOT_AVAILABLE
380,SGIS_10MIN_NOT_AVAILABLE
387,SGIS_10MIN_NOT_AVAILABLE
388,SGIS_10MIN_NOT_AVAILABLE
389,SGIS_10MIN_NOT_AVAILABLE
392,SGIS_10MIN_NOT_AVAILABLE
399,SGIS_10MIN_NOT_AVAILABLE
401,SGIS_10MIN_NOT_AVAILABLE
403,SGIS_10MIN_NOT_AVAILABLE
405,SGIS_10MIN_NOT_AVAILABLE
406,COORDINATE_REVIEW_TARGET
407,SGIS_10MIN_NOT_AVAILABLE
413,SGIS_10MIN_NOT_AVAILABLE
415,COORDINATE_REVIEW_TARGET
417,SGIS_10MIN_NOT_AVAILABLE
418,SGIS_10MIN_NOT_AVAILABLE
419,SGIS_10MIN_NOT_AVAILABLE
420,SGIS_10MIN_NOT_AVAILABLE
421,SGIS_10MIN_NOT_AVAILABLE
423,SGIS_10MIN_NOT_AVAILABLE
425,SGIS_10MIN_NOT_AVAILABLE
426,SGIS_10MIN_NOT_AVAILABLE
428,SGIS_10MIN_NOT_AVAILABLE
430,SGIS_10MIN_NOT_AVAILABLE
431,SGIS_10MIN_NOT_AVAILABLE
432,SGIS_10MIN_NOT_AVAILABLE
433,SGIS_10MIN_NOT_AVAILABLE
434,SGIS_10MIN_NOT_AVAILABLE
435,SGIS_10MIN_NOT_AVAILABLE
436,SGIS_10MIN_NOT_AVAILABLE
437,SGIS_10MIN_NOT_AVAILABLE
438,SGIS_10MIN_NOT_AVAILABLE
441,SGIS_10MIN_NOT_AVAILABLE
442,SGIS_10MIN_NOT_AVAILABLE
447,SGIS_10MIN_NOT_AVAILABLE
448,SGIS_10MIN_NOT_AVAILABLE
449,SGIS_10MIN_NOT_AVAILABLE
450,SGIS_10MIN_NOT_AVAILABLE
451,SGIS_10MIN_NOT_AVAILABLE
452,SGIS_10MIN_NOT_AVAILABLE
453,SGIS_10MIN_NOT_AVAILABLE
456,SGIS_10MIN_NOT_AVAILABLE
457,SGIS_10MIN_NOT_AVAILABLE
459,SGIS_10MIN_NOT_AVAILABLE
460,SGIS_10MIN_NOT_AVAILABLE
461,SGIS_10MIN_NOT_AVAILABLE
462,SGIS_10MIN_NOT_AVAILABLE
464,SGIS_10MIN_NOT_AVAILABLE
465,SGIS_10MIN_NOT_AVAILABLE
466,SGIS_10MIN_NOT_AVAILABLE
469,SGIS_10MIN_NOT_AVAILABLE
470,SGIS_10MIN_NOT_AVAILABLE
472,SGIS_10MIN_NOT_AVAILABLE
476,SGIS_10MIN_NOT_AVAILABLE
480,SGIS_10MIN_NOT_AVAILABLE
483,SGIS_10MIN_NOT_AVAILABLE
484,SGIS_10MIN_NOT_AVAILABLE
486,SGIS_10MIN_NOT_AVAILABLE
487,SGIS_10MIN_NOT_AVAILABLE
489,SGIS_10MIN_NOT_AVAILABLE
491,SGIS_10MIN_NOT_AVAILABLE
492,SGIS_10MIN_NOT_AVAILABLE
494,SGIS_10MIN_NOT_AVAILABLE
495,SGIS_10MIN_NOT_AVAILABLE
496,SGIS_10MIN_NOT_AVAILABLE
497,SGIS_10MIN_NOT_AVAILABLE
498,SGIS_10MIN_NOT_AVAILABLE
500,SGIS_10MIN_NOT_AVAILABLE
503,SGIS_10MIN_NOT_AVAILABLE
504,SGIS_10MIN_NOT_AVAILABLE
505,SGIS_10MIN_NOT_AVAILABLE
506,SGIS_10MIN_NOT_AVAILABLE
509,SGIS_10MIN_NOT_AVAILABLE
510,SGIS_10MIN_NOT_AVAILABLE
514,SGIS_10MIN_NOT_AVAILABLE
515,SGIS_10MIN_NOT_AVAILABLE
516,SGIS_10MIN_NOT_AVAILABLE
517,SGIS_10MIN_NOT_AVAILABLE
518,SGIS_10MIN_NOT_AVAILABLE
544,SGIS_10MIN_NOT_AVAILABLE
545,SGIS_10MIN_NOT_AVAILABLE
546,SGIS_10MIN_NOT_AVAILABLE
547,SGIS_10MIN_NOT_AVAILABLE
548,COORDINATE_REVIEW_TARGET
549,SGIS_10MIN_NOT_AVAILABLE
561,SGIS_10MIN_NOT_AVAILABLE
562,SGIS_10MIN_NOT_AVAILABLE
565,SGIS_10MIN_NOT_AVAILABLE
567,SGIS_10MIN_NOT_AVAILABLE
572,SGIS_10MIN_NOT_AVAILABLE
573,SGIS_10MIN_NOT_AVAILABLE
575,SGIS_10MIN_NOT_AVAILABLE
587,SGIS_10MIN_NOT_AVAILABLE
589,SGIS_10MIN_NOT_AVAILABLE
591,SGIS_10MIN_NOT_AVAILABLE
593,SGIS_10MIN_NOT_AVAILABLE
595,SGIS_10MIN_NOT_AVAILABLE
596,SGIS_10MIN_NOT_AVAILABLE
597,SGIS_10MIN_NOT_AVAILABLE
598,SGIS_10MIN_NOT_AVAILABLE
600,SGIS_10MIN_NOT_AVAILABLE
601,SGIS_10MIN_NOT_AVAILABLE
605,SGIS_10MIN_NOT_AVAILABLE
606,SGIS_10MIN_NOT_AVAILABLE
608,SGIS_10MIN_NOT_AVAILABLE
611,SGIS_10MIN_NOT_AVAILABLE
612,SGIS_10MIN_NOT_AVAILABLE
617,SGIS_10MIN_NOT_AVAILABLE
619,SGIS_10MIN_NOT_AVAILABLE
620,SGIS_10MIN_NOT_AVAILABLE
621,SGIS_10MIN_NOT_AVAILABLE
622,SGIS_10MIN_NOT_AVAILABLE
625,SGIS_10MIN_NOT_AVAILABLE
627,SGIS_10MIN_NOT_AVAILABLE
628,SGIS_10MIN_NOT_AVAILABLE
630,SGIS_10MIN_NOT_AVAILABLE
633,SGIS_10MIN_NOT_AVAILABLE
635,SGIS_10MIN_NOT_AVAILABLE
639,SGIS_10MIN_NOT_AVAILABLE
640,SGIS_10MIN_NOT_AVAILABLE
643,SGIS_10MIN_NOT_AVAILABLE
647,SGIS_10MIN_NOT_AVAILABLE
657,SGIS_10MIN_NOT_AVAILABLE
658,COORDINATE_REVIEW_TARGET
659,SGIS_10MIN_NOT_AVAILABLE
661,SGIS_10MIN_NOT_AVAILABLE
666,SGIS_10MIN_NOT_AVAILABLE
669,SGIS_10MIN_NOT_AVAILABLE
674,SGIS_10MIN_NOT_AVAILABLE
681,SGIS_10MIN_NOT_AVAILABLE
684,SGIS_10MIN_NOT_AVAILABLE
685,COORDINATE_REVIEW_TARGET
686,SGIS_10MIN_NOT_AVAILABLE
687,SGIS_10MIN_NOT_AVAILABLE
691,SGIS_10MIN_NOT_AVAILABLE
692,SGIS_10MIN_NOT_AVAILABLE
696,SGIS_10MIN_NOT_AVAILABLE
