pond_id,nearest_road_m,accessibility_class
1,,DATA_NOT_AVAILABLE
2,,DATA_NOT_AVAILABLE
3,,DATA_NOT_AVAILABLE
4,,DATA_NOT_AVAILABLE
5,,DATA_NOT_AVAILABLE
6,,DATA_NOT_AVAILABLE
7,,DATA_NOT_AVAILABLE
8,,DATA_NOT_AVAILABLE
9,,DATA_NOT_AVAILABLE
10,,DATA_NOT_AVAILABLE
11,,DATA_NOT_AVAILABLE
12,,DATA_NOT_AVAILABLE
13,,DATA_NOT_AVAILABLE
14,,DATA_NOT_AVAILABLE
15,,DATA_NOT_AVAILABLE
16,,DATA_NOT_AVAILABLE
17,,DATA_NOT_AVAILABLE
18,,DATA_NOT_AVAILABLE
19,,DATA_NOT_AVAILABLE
20,,DATA_NOT_AVAILABLE
21,,DATA_NOT_AVAILABLE
22,,DATA_NOT_AVAILABLE
23,,DATA_NOT_AVAILABLE
24,,DATA_NOT_AVAILABLE
25,,DATA_NOT_AVAILABLE
26,,DATA_NOT_AVAILABLE
27,,DATA_NOT_AVAILABLE
28,,DATA_NOT_AVAILABLE
29,,DATA_NOT_AVAILABLE
30,,DATA_NOT_AVAILABLE
31,,DATA_NOT_AVAILABLE
32,,DATA_NOT_AVAILABLE
33,,DATA_NOT_AVAILABLE
34,,DATA_NOT_AVAILABLE
35,,DATA_NOT_AVAILABLE
36,,DATA_NOT_AVAILABLE
37,,DATA_NOT_AVAILABLE
38,,DATA_NOT_AVAILABLE
39,,DATA_NOT_AVAILABLE
40,,DATA_NOT_AVAILABLE
41,,DATA_NOT_AVAILABLE
42,,DATA_NOT_AVAILABLE
43,,DATA_NOT_AVAILABLE
44,,DATA_NOT_AVAILABLE
45,,DATA_NOT_AVAILABLE
46,,DATA_NOT_AVAILABLE
47,,DATA_NOT_AVAILABLE
48,,DATA_NOT_AVAILABLE
49,,DATA_NOT_AVAILABLE
50,,DATA_NOT_AVAILABLE
51,,DATA_NOT_AVAILABLE
52,,DATA_NOT_AVAILABLE
53,,DATA_NOT_AVAILABLE
54,,DATA_NOT_AVAILABLE
55,,DATA_NOT_AVAILABLE
56,,DATA_NOT_AVAILABLE
57,,DATA_NOT_AVAILABLE
58,,DATA_NOT_AVAILABLE
59,,DATA_NOT_AVAILABLE
60,,DATA_NOT_AVAILABLE
61,,DATA_NOT_AVAILABLE
62,,DATA_NOT_AVAILABLE
63,,DATA_NOT_AVAILABLE
64,,DATA_NOT_AVAILABLE
65,,DATA_NOT_AVAILABLE
66,,DATA_NOT_AVAILABLE
67,,DATA_NOT_AVAILABLE
68,,DATA_NOT_AVAILABLE
69,,DATA_NOT_AVAILABLE
70,,DATA_NOT_AVAILABLE
71,,DATA_NOT_AVAILABLE
72,,DATA_NOT_AVAILABLE
73,,DATA_NOT_AVAILABLE
74,,DATA_NOT_AVAILABLE
75,,DATA_NOT_AVAILABLE
76,,DATA_NOT_AVAILABLE
77,,DATA_NOT_AVAILABLE
78,,DATA_NOT_AVAILABLE
79,,DATA_NOT_AVAILABLE
80,,DATA_NOT_AVAILABLE
81,,DATA_NOT_AVAILABLE
82,,DATA_NOT_AVAILABLE
83,,DATA_NOT_AVAILABLE
84,,DATA_NOT_AVAILABLE
85,,DATA_NOT_AVAILABLE
86,,DATA_NOT_AVAILABLE
87,,DATA_NOT_AVAILABLE
88,,DATA_NOT_AVAILABLE
89,,DATA_NOT_AVAILABLE
90,,DATA_NOT_AVAILABLE
91,,DATA_NOT_AVAILABLE
92,,DATA_NOT_AVAILABLE
93,,DATA_NOT_AVAILABLE
94,,DATA_NOT_AVAILABLE
95,,DATA_NOT_AVAILABLE
96,,DATA_NOT_AVAILABLE
97,,DATA_NOT_AVAILABLE
98,,DATA_NOT_AVAILABLE
99,,DATA_NOT_AVAILABLE
100,,DATA_NOT_AVAILABLE
101,,DATA_NOT_AVAILABLE
102,,DATA_NOT_AVAILABLE
103,,DATA_NOT_AVAILABLE
188,,DATA_NOT_AVAILABLE
189,,DATA_NOT_AVAILABLE
190,,DATA_NOT_AVAILABLE
191,,DATA_NOT_AVAILABLE
192,,DATA_NOT_AVAILABLE
193,,DATA_NOT_AVAILABLE
194,,DATA_NOT_AVAILABLE
195,,DATA_NOT_AVAILABLE
196,,DATA_NOT_AVAILABLE
197,,DATA_NOT_AVAILABLE
198,,DATA_NOT_AVAILABLE
199,,DATA_NOT_AVAILABLE
200,,DATA_NOT_AVAILABLE
201,,DATA_NOT_AVAILABLE
202,,DATA_NOT_AVAILABLE
203,,DATA_NOT_AVAILABLE
204,,DATA_NOT_AVAILABLE
213,,DATA_NOT_AVAILABLE
214,,DATA_NOT_AVAILABLE
215,,DATA_NOT_AVAILABLE
216,,DATA_NOT_AVAILABLE
217,,DATA_NOT_AVAILABLE
218,,DATA_NOT_AVAILABLE
219,,DATA_NOT_AVAILABLE
220,,DATA_NOT_AVAILABLE
221,,DATA_NOT_AVAILABLE
222,,DATA_NOT_AVAILABLE
223,,DATA_NOT_AVAILABLE
224,,DATA_NOT_AVAILABLE
225,,DATA_NOT_AVAILABLE
226,,DATA_NOT_AVAILABLE
227,,DATA_NOT_AVAILABLE
228,,DATA_NOT_AVAILABLE
229,,DATA_NOT_AVAILABLE
230,,DATA_NOT_AVAILABLE
231,,DATA_NOT_AVAILABLE
232,,DATA_NOT_AVAILABLE
233,,DATA_NOT_AVAILABLE
234,,DATA_NOT_AVAILABLE
235,,DATA_NOT_AVAILABLE
236,,DATA_NOT_AVAILABLE
237,,DATA_NOT_AVAILABLE
238,,DATA_NOT_AVAILABLE
239,,DATA_NOT_AVAILABLE
240,,DATA_NOT_AVAILABLE
241,,DATA_NOT_AVAILABLE
242,,DATA_NOT_AVAILABLE
243,,DATA_NOT_AVAILABLE
244,,DATA_NOT_AVAILABLE
245,,DATA_NOT_AVAILABLE
246,,DATA_NOT_AVAILABLE
247,,DATA_NOT_AVAILABLE
248,,DATA_NOT_AVAILABLE
249,,DATA_NOT_AVAILABLE
250,,DATA_NOT_AVAILABLE
251,,DATA_NOT_AVAILABLE
380,,DATA_NOT_AVAILABLE
381,,DATA_NOT_AVAILABLE
382,,DATA_NOT_AVAILABLE
383,,DATA_NOT_AVAILABLE
384,,DATA_NOT_AVAILABLE
385,,DATA_NOT_AVAILABLE
386,,DATA_NOT_AVAILABLE
387,,DATA_NOT_AVAILABLE
388,,DATA_NOT_AVAILABLE
389,,DATA_NOT_AVAILABLE
390,,DATA_NOT_AVAILABLE
391,,DATA_NOT_AVAILABLE
392,,DATA_NOT_AVAILABLE
393,,DATA_NOT_AVAILABLE
394,,DATA_NOT_AVAILABLE
395,,DATA_NOT_AVAILABLE
396,,DATA_NOT_AVAILABLE
397,,DATA_NOT_AVAILABLE
398,,DATA_NOT_AVAILABLE
399,,DATA_NOT_AVAILABLE
400,,DATA_NOT_AVAILABLE
401,,DATA_NOT_AVAILABLE
402,,DATA_NOT_AVAILABLE
403,,DATA_NOT_AVAILABLE
404,,DATA_NOT_AVAILABLE
405,,DATA_NOT_AVAILABLE
406,,DATA_NOT_AVAILABLE
407,,DATA_NOT_AVAILABLE
408,,DATA_NOT_AVAILABLE
409,,DATA_NOT_AVAILABLE
410,,DATA_NOT_AVAILABLE
411,,DATA_NOT_AVAILABLE
412,,DATA_NOT_AVAILABLE
413,,DATA_NOT_AVAILABLE
414,,DATA_NOT_AVAILABLE
415,,DATA_NOT_AVAILABLE
416,,DATA_NOT_AVAILABLE
417,,DATA_NOT_AVAILABLE
418,,DATA_NOT_AVAILABLE
419,,DATA_NOT_AVAILABLE
420,,DATA_NOT_AVAILABLE
421,,DATA_NOT_AVAILABLE
422,,DATA_NOT_AVAILABLE
423,,DATA_NOT_AVAILABLE
424,,DATA_NOT_AVAILABLE
425,,DATA_NOT_AVAILABLE
426,,DATA_NOT_AVAILABLE
427,,DATA_NOT_AVAILABLE
428,,DATA_NOT_AVAILABLE
429,,DATA_NOT_AVAILABLE
430,,DATA_NOT_AVAILABLE
431,,DATA_NOT_AVAILABLE
432,,DATA_NOT_AVAILABLE
433,,DATA_NOT_AVAILABLE
434,,DATA_NOT_AVAILABLE
435,,DATA_NOT_AVAILABLE
436,,DATA_NOT_AVAILABLE
437,,DATA_NOT_AVAILABLE
438,,DATA_NOT_AVAILABLE
439,,DATA_NOT_AVAILABLE
440,,DATA_NOT_AVAILABLE
441,,DATA_NOT_AVAILABLE
442,,DATA_NOT_AVAILABLE
443,,DATA_NOT_AVAILABLE
444,,DATA_NOT_AVAILABLE
445,,DATA_NOT_AVAILABLE
446,,DATA_NOT_AVAILABLE
447,,DATA_NOT_AVAILABLE
448,,DATA_NOT_AVAILABLE
449,,DATA_NOT_AVAILABLE
450,,DATA_NOT_AVAILABLE
451,,DATA_NOT_AVAILABLE
452,,DATA_NOT_AVAILABLE
453,,DATA_NOT_AVAILABLE
454,,DATA_NOT_AVAILABLE
455,,DATA_NOT_AVAILABLE
456,,DATA_NOT_AVAILABLE
457,,DATA_NOT_AVAILABLE
458,,DATA_NOT_AVAILABLE
459,,DATA_NOT_AVAILABLE
460,,DATA_NOT_AVAILABLE
461,,DATA_NOT_AVAILABLE
462,,DATA_NOT_AVAILABLE
463,,DATA_NOT_AVAILABLE
464,,DATA_NOT_AVAILABLE
465,,DATA_NOT_AVAILABLE
466,,DATA_NOT_AVAILABLE
467,,DATA_NOT_AVAILABLE
468,,DATA_NOT_AVAILABLE
469,,DATA_NOT_AVAILABLE
470,,DATA_NOT_AVAILABLE
471,,DATA_NOT_AVAILABLE
472,,DATA_NOT_AVAILABLE
473,,DATA_NOT_AVAILABLE
474,,DATA_NOT_AVAILABLE
475,,DATA_NOT_AVAILABLE
476,,DATA_NOT_AVAILABLE
477,,DATA_NOT_AVAILABLE
478,,DATA_NOT_AVAILABLE
479,,DATA_NOT_AVAILABLE
480,,DATA_NOT_AVAILABLE
481,,DATA_NOT_AVAILABLE
482,,DATA_NOT_AVAILABLE
483,,DATA_NOT_AVAILABLE
484,,DATA_NOT_AVAILABLE
485,,DATA_NOT_AVAILABLE
486,,DATA_NOT_AVAILABLE
487,,DATA_NOT_AVAILABLE
488,,DATA_NOT_AVAILABLE
489,,DATA_NOT_AVAILABLE
490,,DATA_NOT_AVAILABLE
491,,DATA_NOT_AVAILABLE
492,,DATA_NOT_AVAILABLE
493,,DATA_NOT_AVAILABLE
494,,DATA_NOT_AVAILABLE
495,,DATA_NOT_AVAILABLE
496,,DATA_NOT_AVAILABLE
497,,DATA_NOT_AVAILABLE
498,,DATA_NOT_AVAILABLE
499,,DATA_NOT_AVAILABLE
500,,DATA_NOT_AVAILABLE
501,,DATA_NOT_AVAILABLE
502,,DATA_NOT_AVAILABLE
503,,DATA_NOT_AVAILABLE
504,,DATA_NOT_AVAILABLE
505,,DATA_NOT_AVAILABLE
506,,DATA_NOT_AVAILABLE
507,,DATA_NOT_AVAILABLE
508,,DATA_NOT_AVAILABLE
509,,DATA_NOT_AVAILABLE
510,,DATA_NOT_AVAILABLE
511,,DATA_NOT_AVAILABLE
512,,DATA_NOT_AVAILABLE
513,,DATA_NOT_AVAILABLE
514,,DATA_NOT_AVAILABLE
515,,DATA_NOT_AVAILABLE
516,,DATA_NOT_AVAILABLE
517,,DATA_NOT_AVAILABLE
518,,DATA_NOT_AVAILABLE
519,,DATA_NOT_AVAILABLE
543,,DATA_NOT_AVAILABLE
544,,DATA_NOT_AVAILABLE
545,,DATA_NOT_AVAILABLE
546,,DATA_NOT_AVAILABLE
547,,DATA_NOT_AVAILABLE
548,,DATA_NOT_AVAILABLE
549,,DATA_NOT_AVAILABLE
550,,DATA_NOT_AVAILABLE
551,,DATA_NOT_AVAILABLE
556,,DATA_NOT_AVAILABLE
557,,DATA_NOT_AVAILABLE
558,,DATA_NOT_AVAILABLE
559,,DATA_NOT_AVAILABLE
560,,DATA_NOT_AVAILABLE
561,,DATA_NOT_AVAILABLE
562,,DATA_NOT_AVAILABLE
563,,DATA_NOT_AVAILABLE
564,,DATA_NOT_AVAILABLE
565,,DATA_NOT_AVAILABLE
566,,DATA_NOT_AVAILABLE
567,,DATA_NOT_AVAILABLE
568,,DATA_NOT_AVAILABLE
569,,DATA_NOT_AVAILABLE
570,,DATA_NOT_AVAILABLE
571,,DATA_NOT_AVAILABLE
572,,DATA_NOT_AVAILABLE
573,,DATA_NOT_AVAILABLE
574,,DATA_NOT_AVAILABLE
575,,DATA_NOT_AVAILABLE
576,,DATA_NOT_AVAILABLE
587,,DATA_NOT_AVAILABLE
588,,DATA_NOT_AVAILABLE
589,,DATA_NOT_AVAILABLE
590,,DATA_NOT_AVAILABLE
591,,DATA_NOT_AVAILABLE
592,,DATA_NOT_AVAILABLE
593,,DATA_NOT_AVAILABLE
594,,DATA_NOT_AVAILABLE
595,,DATA_NOT_AVAILABLE
596,,DATA_NOT_AVAILABLE
597,,DATA_NOT_AVAILABLE
598,,DATA_NOT_AVAILABLE
599,,DATA_NOT_AVAILABLE
600,,DATA_NOT_AVAILABLE
601,,DATA_NOT_AVAILABLE
602,,DATA_NOT_AVAILABLE
603,,DATA_NOT_AVAILABLE
604,,DATA_NOT_AVAILABLE
605,,DATA_NOT_AVAILABLE
606,,DATA_NOT_AVAILABLE
607,,DATA_NOT_AVAILABLE
608,,DATA_NOT_AVAILABLE
609,,DATA_NOT_AVAILABLE
610,,DATA_NOT_AVAILABLE
611,,DATA_NOT_AVAILABLE
612,,DATA_NOT_AVAILABLE
613,,DATA_NOT_AVAILABLE
614,,DATA_NOT_AVAILABLE
615,,DATA_NOT_AVAILABLE
616,,DATA_NOT_AVAILABLE
617,,DATA_NOT_AVAILABLE
618,,DATA_NOT_AVAILABLE
619,,DATA_NOT_AVAILABLE
620,,DATA_NOT_AVAILABLE
621,,DATA_NOT_AVAILABLE
622,,DATA_NOT_AVAILABLE
623,,DATA_NOT_AVAILABLE
624,,DATA_NOT_AVAILABLE
625,,DATA_NOT_AVAILABLE
626,,DATA_NOT_AVAILABLE
627,,DATA_NOT_AVAILABLE
628,,DATA_NOT_AVAILABLE
629,,DATA_NOT_AVAILABLE
630,,DATA_NOT_AVAILABLE
631,,DATA_NOT_AVAILABLE
632,,DATA_NOT_AVAILABLE
633,,DATA_NOT_AVAILABLE
634,,DATA_NOT_AVAILABLE
635,,DATA_NOT_AVAILABLE
636,,DATA_NOT_AVAILABLE
637,,DATA_NOT_AVAILABLE
638,,DATA_NOT_AVAILABLE
639,,DATA_NOT_AVAILABLE
640,,DATA_NOT_AVAILABLE
641,,DATA_NOT_AVAILABLE
642,,DATA_NOT_AVAILABLE
643,,DATA_NOT_AVAILABLE
644,,DATA_NOT_AVAILABLE
645,,DATA_NOT_AVAILABLE
646,,DATA_NOT_AVAILABLE
647,,DATA_NOT_AVAILABLE
656,,DATA_NOT_AVAILABLE
657,,DATA_NOT_AVAILABLE
658,,DATA_NOT_AVAILABLE
659,,DATA_NOT_AVAILABLE
660,,DATA_NOT_AVAILABLE
661,,DATA_NOT_AVAILABLE
662,,DATA_NOT_AVAILABLE
666,,DATA_NOT_AVAILABLE
667,,DATA_NOT_AVAILABLE
668,,DATA_NOT_AVAILABLE
669,,DATA_NOT_AVAILABLE
670,,DATA_NOT_AVAILABLE
671,,DATA_NOT_AVAILABLE
672,,DATA_NOT_AVAILABLE
673,,DATA_NOT_AVAILABLE
674,,DATA_NOT_AVAILABLE
675,,DATA_NOT_AVAILABLE
676,,DATA_NOT_AVAILABLE
677,,DATA_NOT_AVAILABLE
678,,DATA_NOT_AVAILABLE
679,,DATA_NOT_AVAILABLE
680,,DATA_NOT_AVAILABLE
681,,DATA_NOT_AVAILABLE
682,,DATA_NOT_AVAILABLE
683,,DATA_NOT_AVAILABLE
684,,DATA_NOT_AVAILABLE
685,,DATA_NOT_AVAILABLE
686,,DATA_NOT_AVAILABLE
687,,DATA_NOT_AVAILABLE
688,,DATA_NOT_AVAILABLE
689,,DATA_NOT_AVAILABLE
690,,DATA_NOT_AVAILABLE
691,,DATA_NOT_AVAILABLE
692,,DATA_NOT_AVAILABLE
693,,DATA_NOT_AVAILABLE
695,,DATA_NOT_AVAILABLE
696,,DATA_NOT_AVAILABLE
