STD_YEAR,SIDO_CD,JIJACE_CD,DATA1,DATA2,DATA3,DATA4,DATA5,extra_09,extra_10,extra_11,extra_12,extra_13,extra_14,extra_15,extra_16,extra_17,extra_18,extra_19,extra_20,extra_21
2014,47000,47730,87.39,65.40,96.90,41.86,70.58,,,,,,,,,,,,,
2015,47000,47730,75.71,64.63,88.28,56.29,100,,,,,,,,,,,,,
2016,47000,47730,87.19,48.04,93.98,76.05,69.44,,,,,,,,,,,,,
2017,47000,47730,93.78,88.43,98.97,88.31,75.76,,,,,,,,,,,,,
2018,47000,47730,93.97,91.79,97.30,54.51,68.97,44.09,10.75,44.09,,,,,,,,,,
2019,47000,47730,82.61,65.07,95.36,56.39,87.5,30.19,2.83,52.83,,,,,,,,,,
2020,47000,47730,88.48,77.38,98.27,75.98,97.78,31.13,7.55,46.23,95.29,0.00,30.19,4.00,3.20,1.29,0.60,2.54,0.39,4.30
2021,47000,47730,90.19,99.54,97.52,70.24,96.43,35.85,0.94,25.47,97.89,4.23,31.13,3.5,2.1,2,0.96,2.75,0.59,1.33
2022,47000,47730,93.05,82.5,96.91,61.54,90.91,52.83,2.83,28.3,93.94,19.8,21.7,2.8,2.3,2,0.84,1,0.8,0
2023,47000,47730,96.54,94.62,95.78,68.67,79.25,50.94,96.23,74.53,98.51,76.12,64.15,1.50,2.38,1.68,2.41,64.11,20.05,34.95
2024,47000,47730,90.87,89.24,99.68,58.96,82.61,61.32,95.28,62.26,94.34,88.52,68.87,1.33,2.50,0.03,1.50,3.72,3.33,3.66
