pond_id,worldpop_population_500m,worldpop_cell_count_500m,worldpop_populated_cell_count_500m,worldpop_population_1km,worldpop_cell_count_1km,worldpop_populated_cell_count_1km,worldpop_reference_year,worldpop_status
1,4588.832265853882,114,114,9579.991504210382,456,444,2020,REFERENCE_ONLY
2,4588.832265853882,114,114,9579.991504210382,456,444,2020,REFERENCE_ONLY
3,4588.832265853882,114,114,9579.991504210382,456,444,2020,REFERENCE_ONLY
4,4588.832265853882,114,114,9579.991504210382,456,444,2020,REFERENCE_ONLY
5,4588.832265853882,114,114,9579.991504210382,456,444,2020,REFERENCE_ONLY
6,4588.832265853882,114,114,9579.991504210382,456,444,2020,REFERENCE_ONLY
7,4588.832265853882,114,114,9579.991504210382,456,444,2020,REFERENCE_ONLY
8,4588.832265853882,114,114,9579.991504210382,456,444,2020,REFERENCE_ONLY
9,4588.832265853882,114,114,9579.991504210382,456,444,2020,REFERENCE_ONLY
10,4588.832265853882,114,114,9579.991504210382,456,444,2020,REFERENCE_ONLY
11,4588.832265853882,114,114,9579.991504210382,456,444,2020,REFERENCE_ONLY
12,4588.832265853882,114,114,9579.991504210382,456,444,2020,REFERENCE_ONLY
13,4588.832265853882,114,114,9579.991504210382,456,444,2020,REFERENCE_ONLY
14,4588.832265853882,114,114,9579.991504210382,456,444,2020,REFERENCE_ONLY
15,4588.832265853882,114,114,9579.991504210382,456,444,2020,REFERENCE_ONLY
16,4588.832265853882,114,114,9579.991504210382,456,444,2020,REFERENCE_ONLY
17,4588.832265853882,114,114,9579.991504210382,456,444,2020,REFERENCE_ONLY
18,4588.832265853882,114,114,9579.991504210382,456,444,2020,REFERENCE_ONLY
19,4588.832265853882,114,114,9579.991504210382,456,444,2020,REFERENCE_ONLY
20,4588.832265853882,114,114,9579.991504210382,456,444,2020,REFERENCE_ONLY
21,4588.832265853882,114,114,9579.991504210382,456,444,2020,REFERENCE_ONLY
22,4588.832265853882,114,114,9579.991504210382,456,444,2020,REFERENCE_ONLY
23,4588.832265853882,114,114,9579.991504210382,456,444,2020,REFERENCE_ONLY
24,4588.832265853882,114,114,9579.991504210382,456,444,2020,REFERENCE_ONLY
25,4588.832265853882,114,114,9579.991504210382,456,444,2020,REFERENCE_ONLY
26,4588.832265853882,114,114,9579.991504210382,456,444,2020,REFERENCE_ONLY
27,4588.832265853882,114,114,9579.991504210382,456,444,2020,REFERENCE_ONLY
28,4588.832265853882,114,114,9579.991504210382,456,444,2020,REFERENCE_ONLY
29,4588.832265853882,114,114,9579.991504210382,456,444,2020,REFERENCE_ONLY
30,4588.832265853882,114,114,9579.991504210382,456,444,2020,REFERENCE_ONLY
31,4588.832265853882,114,114,9579.991504210382,456,444,2020,REFERENCE_ONLY
32,4588.832265853882,114,114,9579.991504210382,456,444,2020,REFERENCE_ONLY
33,4588.832265853882,114,114,9579.991504210382,456,444,2020,REFERENCE_ONLY
34,4588.832265853882,114,114,9579.991504210382,456,444,2020,REFERENCE_ONLY
35,4588.832265853882,114,114,9579.991504210382,456,444,2020,REFERENCE_ONLY
36,4588.832265853882,114,114,9579.991504210382,456,444,2020,REFERENCE_ONLY
37,4588.832265853882,114,114,9579.991504210382,456,444,2020,REFERENCE_ONLY
38,4588.832265853882,114,114,9579.991504210382,456,444,2020,REFERENCE_ONLY
39,4588.832265853882,114,114,9579.991504210382,456,444,2020,REFERENCE_ONLY
40,4588.832265853882,114,114,9579.991504210382,456,444,2020,REFERENCE_ONLY
41,4588.832265853882,114,114,9579.991504210382,456,444,2020,REFERENCE_ONLY
42,39.47350482729962,113,41,165.06305024202447,457,218,2020,REFERENCE_ONLY
43,0.8490600081422599,115,50,25.194355062863906,451,184,2020,REFERENCE_ONLY
44,14.867978989364929,116,68,67.82469919489813,450,200,2020,REFERENCE_ONLY
45,26.645177177138976,114,56,86.02983026156255,457,226,2020,REFERENCE_ONLY
46,0.0,114,0,3.804929031932261,453,48,2020,REFERENCE_ONLY
47,2.4783510012275656,113,43,49.438013100741955,456,120,2020,REFERENCE_ONLY
48,4.79638600119506,110,28,57.41388202324015,458,138,2020,REFERENCE_ONLY
49,6.789533986433526,112,26,61.08200505623972,457,124,2020,REFERENCE_ONLY
50,1.4766679878375726,110,18,31.48030191464204,456,121,2020,REFERENCE_ONLY
51,9.302603895302695,115,91,125.92777995279869,455,266,2020,REFERENCE_ONLY
52,0.14498699600517284,114,18,0.14498699600517284,455,18,2020,REFERENCE_ONLY
53,0.14498699600517284,115,18,4.8373010081850225,454,39,2020,REFERENCE_ONLY
54,1.217945998243522,113,52,54.03258013357845,455,218,2020,REFERENCE_ONLY
55,63.199360118952995,114,105,249.33097577937554,451,389,2020,REFERENCE_ONLY
56,30.06413427802181,112,84,91.83664039637699,454,319,2020,REFERENCE_ONLY
57,0.0,111,0,0.2132320060627535,460,8,2020,REFERENCE_ONLY
58,18.63317800927325,115,57,27.300903076451505,453,86,2020,REFERENCE_ONLY
59,16.595086968576652,110,45,71.23022691322842,459,155,2020,REFERENCE_ONLY
60,0.0,114,0,0.1001559993455885,457,10,2020,REFERENCE_ONLY
61,0.0,115,0,5.538715027214494,454,42,2020,REFERENCE_ONLY
62,0.0,113,0,18.733228883736956,454,70,2020,REFERENCE_ONLY
63,6.074175999645377,112,42,12.205438037481144,455,141,2020,REFERENCE_ONLY
64,7.1691291084353,116,45,15.312055076254182,450,116,2020,REFERENCE_ONLY
65,1.695588008427876,114,13,11.911320058519777,457,75,2020,REFERENCE_ONLY
66,4.643586998805404,115,26,17.4179530302863,452,114,2020,REFERENCE_ONLY
67,1.4402129926456837,112,29,20.79644501680741,456,162,2020,REFERENCE_ONLY
68,0.5423850107035832,113,26,14.079292053464087,454,148,2020,REFERENCE_ONLY
69,0.7917839948568144,114,27,14.166551055728632,448,102,2020,REFERENCE_ONLY
70,18.300462987172068,115,61,61.742278083154815,451,249,2020,REFERENCE_ONLY
71,0.0002690000110305846,115,1,11.293800992540127,454,119,2020,REFERENCE_ONLY
72,3.9062260725550004,112,30,17.529887029775637,455,157,2020,REFERENCE_ONLY
73,9.000000136438757e-05,115,1,16.776798997889273,451,91,2020,REFERENCE_ONLY
74,34.51541800505947,114,53,90.08676271312288,454,185,2020,REFERENCE_ONLY
75,4.659828987911169,112,31,34.005864056198334,456,145,2020,REFERENCE_ONLY
76,11.505014002759708,115,63,28.44837288709823,456,228,2020,REFERENCE_ONLY
77,5.922506010370853,115,78,10.76109198929771,455,149,2020,REFERENCE_ONLY
78,5.975737008258875,114,69,14.483695871844247,455,148,2020,REFERENCE_ONLY
79,0.28837000255589373,115,35,11.01151798131798,454,126,2020,REFERENCE_ONLY
80,4.597902916953899,115,35,57.628151063039695,455,237,2020,REFERENCE_ONLY
81,32.741041108514764,113,69,77.85129113262519,453,252,2020,REFERENCE_ONLY
82,7.342356042747269,115,43,62.62785409836215,456,230,2020,REFERENCE_ONLY
83,11.729550896943692,113,47,35.13756405436652,453,200,2020,REFERENCE_ONLY
84,13.299932930767682,114,63,20.792103921059606,458,183,2020,REFERENCE_ONLY
85,41.37041598719952,115,71,114.06089069244626,454,278,2020,REFERENCE_ONLY
86,4.539953999998488,110,48,31.770778054886705,459,160,2020,REFERENCE_ONLY
87,1.08402201663921,114,28,1.5959120086590701,452,61,2020,REFERENCE_ONLY
88,1.0298010083170084,112,30,1.8967779940394394,455,70,2020,REFERENCE_ONLY
89,3.9896959994425742,110,44,5.837117989771741,460,106,2020,REFERENCE_ONLY
90,34.810032871115254,115,92,81.46870677973038,455,263,2020,REFERENCE_ONLY
91,10.100156856235117,114,73,61.42467485471843,455,216,2020,REFERENCE_ONLY
92,23.98645004073478,114,67,85.79202905351849,452,257,2020,REFERENCE_ONLY
93,0.9742739910507225,114,52,79.651201023451,456,199,2020,REFERENCE_ONLY
94,0.21638700131734367,112,13,66.05397996654176,455,179,2020,REFERENCE_ONLY
95,0.9153299981553573,113,12,14.960190033634717,455,82,2020,REFERENCE_ONLY
96,0.18042999756289646,115,8,2.538141998811625,449,38,2020,REFERENCE_ONLY
97,0.666617995564593,113,19,3.0912790694565047,455,36,2020,REFERENCE_ONLY
98,8.873772131662918,112,40,104.62089153938837,455,270,2020,REFERENCE_ONLY
99,0.7493610063102096,113,12,30.936475111360778,453,118,2020,REFERENCE_ONLY
100,0.0954780004103668,113,8,34.99795792324585,453,122,2020,REFERENCE_ONLY
101,63.887678212735636,113,100,197.30162363810314,456,330,2020,REFERENCE_ONLY
102,0.0,113,0,18.139687020535348,455,95,2020,REFERENCE_ONLY
103,23.57238691180828,118,51,36.8058620133379,447,119,2020,REFERENCE_ONLY
188,12.198127032839693,115,72,41.8122930484526,453,220,2020,REFERENCE_ONLY
189,4.851895073108608,116,17,17.223040052951546,447,83,2020,REFERENCE_ONLY
190,38.290974945433504,113,88,211.7889181435296,456,264,2020,REFERENCE_ONLY
191,15.575266984655173,113,67,40.498016060162286,453,189,2020,REFERENCE_ONLY
192,54.087873983196914,114,34,361.7924745803083,455,253,2020,REFERENCE_ONLY
193,19.815039068939996,116,82,233.42183058390083,448,281,2020,REFERENCE_ONLY
194,19.004280000647213,115,74,47.17940423396624,452,142,2020,REFERENCE_ONLY
195,5.95901002176106,114,24,48.73163733439287,454,104,2020,REFERENCE_ONLY
196,33.13684122991981,111,64,65.20779633657298,457,147,2020,REFERENCE_ONLY
197,41.485378022938335,111,66,77.27260708383915,454,186,2020,REFERENCE_ONLY
198,1.0739079941558884,115,22,23.455790996798896,451,50,2020,REFERENCE_ONLY
199,30.12014512519056,112,46,60.12940696516239,453,185,2020,REFERENCE_ONLY
200,0.6969149967771955,115,15,14.938641046770499,453,112,2020,REFERENCE_ONLY
201,1.4344589953543618,115,16,5.022140987217426,451,81,2020,REFERENCE_ONLY
202,17.978582014969334,114,57,24.047640005527455,454,121,2020,REFERENCE_ONLY
203,8.322863016772317,110,37,78.55990784129096,457,180,2020,REFERENCE_ONLY
204,1.9883369898307137,115,21,16.513823941518012,452,77,2020,REFERENCE_ONLY
213,5.647485015805273,114,49,68.96402749876859,454,168,2020,REFERENCE_ONLY
214,5.1475070018359474,115,49,23.6028169668067,453,113,2020,REFERENCE_ONLY
215,39.75571468263661,113,63,133.91583246205846,452,253,2020,REFERENCE_ONLY
216,48.27007864130428,114,66,195.2225815802085,452,292,2020,REFERENCE_ONLY
217,6.6141570600593695,113,45,128.30956486175273,454,246,2020,REFERENCE_ONLY
218,6.829448003401922,115,60,129.03848267306603,452,263,2020,REFERENCE_ONLY
219,2.770508011810307,115,48,2.770508011810307,452,48,2020,REFERENCE_ONLY
220,37.7045739050518,112,64,104.43896692563067,453,255,2020,REFERENCE_ONLY
221,17.884780093634618,110,56,87.38365691782747,458,212,2020,REFERENCE_ONLY
222,23.122179853959096,114,55,57.79074652788768,451,199,2020,REFERENCE_ONLY
223,34.36431577044641,114,58,51.29082563844349,456,173,2020,REFERENCE_ONLY
224,30.690048952841607,114,69,142.00156273116227,456,278,2020,REFERENCE_ONLY
225,29.33386522717774,114,68,141.08896995758187,451,302,2020,REFERENCE_ONLY
226,48.98560795711819,113,76,169.43525354138876,454,285,2020,REFERENCE_ONLY
227,56.85898652318065,115,103,212.83259259014812,450,345,2020,REFERENCE_ONLY
228,76.52090158202918,110,97,158.0661995285518,454,329,2020,REFERENCE_ONLY
229,77.28505207775743,113,107,410.36010906733645,454,435,2020,REFERENCE_ONLY
230,64.39185100523537,115,90,145.04735534527936,448,309,2020,REFERENCE_ONLY
231,49.92378317319162,113,98,193.30144353073047,457,336,2020,REFERENCE_ONLY
232,35.45859120703244,113,79,142.45739444867286,452,274,2020,REFERENCE_ONLY
233,41.201399973157095,115,72,68.29992205306553,448,189,2020,REFERENCE_ONLY
234,40.87480402148503,113,57,119.46568201568152,455,252,2020,REFERENCE_ONLY
235,44.26700397307286,110,74,105.0529862055264,456,250,2020,REFERENCE_ONLY
236,38.46880211138341,115,76,125.57851506567386,449,263,2020,REFERENCE_ONLY
237,11.559798035552376,112,67,154.29101401526714,452,293,2020,REFERENCE_ONLY
238,28.693060084508033,113,65,68.5994471420272,455,209,2020,REFERENCE_ONLY
239,36.012588083947776,112,61,173.94946262275334,454,291,2020,REFERENCE_ONLY
240,41.59864905964423,113,89,214.53670995028915,454,376,2020,REFERENCE_ONLY
241,12.029559987378889,112,25,24.08931992333237,454,133,2020,REFERENCE_ONLY
242,49.808429036643815,113,85,95.62654612086556,453,255,2020,REFERENCE_ONLY
243,4.3683519870683085,114,34,33.25974886851327,451,157,2020,REFERENCE_ONLY
244,0.7425930029639858,113,37,48.72383100045408,455,177,2020,REFERENCE_ONLY
245,3.583735952124698,115,24,6.565774939401308,452,60,2020,REFERENCE_ONLY
246,1.81476999289589,115,17,6.758095959099592,453,78,2020,REFERENCE_ONLY
247,24.198854156478774,112,58,30.23285421008768,454,151,2020,REFERENCE_ONLY
248,16.08862007976097,113,77,37.989758073830444,453,180,2020,REFERENCE_ONLY
249,9.218763022472217,114,68,17.476611083719604,451,148,2020,REFERENCE_ONLY
250,0.4566569970775163,110,33,25.513133171276422,457,103,2020,REFERENCE_ONLY
251,24.694223157013766,110,58,41.6599092917528,459,175,2020,REFERENCE_ONLY
380,39.07489905012335,111,78,128.0506047226081,453,264,2020,REFERENCE_ONLY
381,14.117858036057441,114,53,64.57544898494962,448,237,2020,REFERENCE_ONLY
382,44.79734318534429,113,82,159.73771857561565,454,339,2020,REFERENCE_ONLY
383,13.713558971452244,114,78,142.2765310857534,451,343,2020,REFERENCE_ONLY
384,7.458266011381056,110,57,64.70613900761202,457,254,2020,REFERENCE_ONLY
385,86.93371425115038,113,107,376.8950459138571,455,376,2020,REFERENCE_ONLY
386,6.54990905398779,113,79,135.86476929930257,456,319,2020,REFERENCE_ONLY
387,58.77323304476158,114,87,225.06524493035977,454,312,2020,REFERENCE_ONLY
388,13.029118890044629,116,34,30.844836901160306,449,138,2020,REFERENCE_ONLY
389,17.4753789393435,113,40,33.241232891796244,453,151,2020,REFERENCE_ONLY
390,4.576733034380595,115,39,42.482308006288804,454,135,2020,REFERENCE_ONLY
391,37.705365943096695,116,84,145.6901932740402,450,290,2020,REFERENCE_ONLY
392,12.045319930843107,114,57,79.6146982803075,456,136,2020,REFERENCE_ONLY
393,4.013573028467363,115,37,17.745442953721067,453,87,2020,REFERENCE_ONLY
394,4.092437022627564,112,54,125.8155572272226,455,171,2020,REFERENCE_ONLY
395,5.075274077738868,111,51,128.0564652770263,456,182,2020,REFERENCE_ONLY
396,95.7067684798385,112,86,137.96342616601032,456,219,2020,REFERENCE_ONLY
397,11.96900092670694,114,30,126.49007525251363,452,178,2020,REFERENCE_ONLY
398,90.10765014757635,118,74,132.02913811059625,446,198,2020,REFERENCE_ONLY
399,47.82622611731131,111,71,114.27156530255525,452,176,2020,REFERENCE_ONLY
400,2.264892003760906,113,13,21.830434862717084,455,94,2020,REFERENCE_ONLY
401,29.295565810297376,112,55,105.97013953552141,456,206,2020,REFERENCE_ONLY
402,20.178231959289405,113,71,58.039399124565534,452,170,2020,REFERENCE_ONLY
403,0.0,112,0,7.777205050944417,455,39,2020,REFERENCE_ONLY
404,1.0583770011144225,114,8,9.657885063344679,455,53,2020,REFERENCE_ONLY
405,4.259503974128165,114,51,128.12362233043677,453,248,2020,REFERENCE_ONLY
406,36.35994287076028,114,90,100.26011302659754,452,273,2020,REFERENCE_ONLY
407,7.933953021347406,113,44,59.71456875476724,454,182,2020,REFERENCE_ONLY
408,24.527861788097653,115,83,82.63385072106757,450,236,2020,REFERENCE_ONLY
409,19.367702908391948,113,52,86.97148690924223,455,228,2020,REFERENCE_ONLY
410,1.8297709902981296,113,17,10.237519995687762,456,68,2020,REFERENCE_ONLY
411,33.07761923531507,114,79,106.76214757225534,455,257,2020,REFERENCE_ONLY
412,34.417281238645955,113,88,113.82174952088099,453,257,2020,REFERENCE_ONLY
413,11.280556993449522,115,46,46.95930310295773,455,139,2020,REFERENCE_ONLY
414,2.864080021769041,116,14,11.90635904425983,448,61,2020,REFERENCE_ONLY
415,36.35994287076028,114,90,100.26011302659754,452,273,2020,REFERENCE_ONLY
416,31.07102076530282,114,97,97.79121085450606,453,269,2020,REFERENCE_ONLY
417,4.640671016582928,113,27,100.75545747823344,453,176,2020,REFERENCE_ONLY
418,0.1684049993782537,112,23,40.11539389347308,455,165,2020,REFERENCE_ONLY
419,13.802978132167482,115,44,109.46472655248363,453,208,2020,REFERENCE_ONLY
420,6.292847962220549,115,15,52.07753104788537,453,98,2020,REFERENCE_ONLY
421,7.92150798287912,112,49,90.65717436696252,456,177,2020,REFERENCE_ONLY
422,19.254740974014226,115,45,304.7204790428292,453,233,2020,REFERENCE_ONLY
423,14.814107890037121,113,65,85.4822558227603,456,267,2020,REFERENCE_ONLY
424,1.5612050028285012,113,15,212.40074405490202,455,153,2020,REFERENCE_ONLY
425,14.120775959992898,115,58,51.234509983441626,455,163,2020,REFERENCE_ONLY
426,0.0,114,0,9.767931030968612,454,51,2020,REFERENCE_ONLY
427,19.42421288076696,116,74,47.40856478750254,448,187,2020,REFERENCE_ONLY
428,9.486839096716722,115,38,27.64394786847663,454,137,2020,REFERENCE_ONLY
429,9.40007597389922,114,76,68.27857875743177,453,294,2020,REFERENCE_ONLY
430,32.92004109330446,113,61,114.27938149785734,455,228,2020,REFERENCE_ONLY
431,24.154740052323177,111,53,42.75916197097433,459,193,2020,REFERENCE_ONLY
432,8.706565925326572,114,67,63.694018179637055,455,256,2020,REFERENCE_ONLY
433,38.49256494447036,115,88,188.19780713268415,450,352,2020,REFERENCE_ONLY
434,10.147980053206993,113,54,49.162461011513074,454,212,2020,REFERENCE_ONLY
435,1.281178024422843,115,16,19.053820966216563,455,76,2020,REFERENCE_ONLY
436,2.784616965451278,112,14,11.433796854122193,455,70,2020,REFERENCE_ONLY
437,5.242574049567338,110,46,19.30242801186978,460,88,2020,REFERENCE_ONLY
438,7.41546903559356,112,17,20.564158081149117,455,77,2020,REFERENCE_ONLY
439,75.13340509365662,114,104,138.00061882155035,457,327,2020,REFERENCE_ONLY
440,55.07403190241894,114,83,159.10792779248925,454,332,2020,REFERENCE_ONLY
441,11.032725109893363,114,45,81.93848391857318,454,220,2020,REFERENCE_ONLY
442,15.179884142751689,113,35,77.29079209410702,455,221,2020,REFERENCE_ONLY
443,2.6128129991702735,114,13,39.14748314941971,455,147,2020,REFERENCE_ONLY
444,50.06327006584354,110,107,321.2866404260541,460,420,2020,REFERENCE_ONLY
445,86.2196932300285,114,106,267.10399826554124,455,368,2020,REFERENCE_ONLY
446,0.6426960079479613,115,22,5.725494957187038,456,41,2020,REFERENCE_ONLY
447,1.3716320118519434,114,26,55.84928772167177,457,176,2020,REFERENCE_ONLY
448,0.38130499967519427,113,12,9.810507044028782,456,51,2020,REFERENCE_ONLY
449,0.6513660078198882,111,10,12.15191001148196,459,63,2020,REFERENCE_ONLY
450,0.8864559994690353,114,22,1.6379380043799756,455,31,2020,REFERENCE_ONLY
451,5.350653015491844,118,65,47.908083995092966,446,284,2020,REFERENCE_ONLY
452,0.1535670018492965,110,11,3.326965048308921,458,47,2020,REFERENCE_ONLY
453,0.1535670018492965,115,11,4.462916044849408,453,52,2020,REFERENCE_ONLY
454,32.88156176089251,115,92,208.0864962000312,454,368,2020,REFERENCE_ONLY
455,33.29673279894598,115,82,176.35302502686113,456,344,2020,REFERENCE_ONLY
456,25.634415942166015,110,47,85.44353555198325,458,182,2020,REFERENCE_ONLY
457,6.2856009844108485,115,24,6.551734983178903,454,39,2020,REFERENCE_ONLY
458,86.93289042927029,110,92,176.28298918827488,458,326,2020,REFERENCE_ONLY
459,7.01850600191392,115,33,93.1557909946514,454,264,2020,REFERENCE_ONLY
460,1.8414670114289038,113,15,6.922153010164038,456,80,2020,REFERENCE_ONLY
461,0.23475599769153632,117,9,30.666737153425856,449,156,2020,REFERENCE_ONLY
462,0.009801000389416004,113,8,32.93821306222162,453,104,2020,REFERENCE_ONLY
463,4.8082421081126085,114,52,40.65967601662487,452,230,2020,REFERENCE_ONLY
464,5.704508991326293,110,37,25.546067998959188,457,117,2020,REFERENCE_ONLY
465,4.981549002575775,114,71,41.50807193840194,455,273,2020,REFERENCE_ONLY
466,6.904815080815752,113,54,30.515394102814753,455,228,2020,REFERENCE_ONLY
467,5.866875965768486,115,54,45.48739097951045,454,219,2020,REFERENCE_ONLY
468,24.86570498549554,113,75,94.2474559193106,456,278,2020,REFERENCE_ONLY
469,15.229245933054699,115,71,63.62731690424516,456,258,2020,REFERENCE_ONLY
470,12.98824711319321,114,54,20.31262512183821,456,148,2020,REFERENCE_ONLY
471,16.854855884681456,116,59,70.97555946265493,449,218,2020,REFERENCE_ONLY
472,4.68665900263295,116,39,21.629815914985215,449,164,2020,REFERENCE_ONLY
473,46.29136081808588,116,90,127.03900756363396,450,249,2020,REFERENCE_ONLY
474,559.7576523878961,113,110,2966.6936735958493,453,412,2020,REFERENCE_ONLY
475,37.24388691311333,112,97,128.99730699858492,455,359,2020,REFERENCE_ONLY
476,50.5505699437781,115,108,167.75265479159043,454,411,2020,REFERENCE_ONLY
477,50.44931380508933,113,95,433.90052095545184,456,373,2020,REFERENCE_ONLY
478,61.70311303953349,116,110,191.30934775383378,450,352,2020,REFERENCE_ONLY
479,14.5348049865745,113,77,133.53093106408346,454,327,2020,REFERENCE_ONLY
480,9.923969012597809,116,47,92.52183207221935,450,259,2020,REFERENCE_ONLY
481,2.2655020141319255,114,44,45.69259482451821,456,198,2020,REFERENCE_ONLY
482,3.23323097885077,113,34,11.694104049220186,455,116,2020,REFERENCE_ONLY
483,1.5136330054228893,112,17,18.420264847612998,455,116,2020,REFERENCE_ONLY
484,2.0007159849919844,114,37,36.077264831692446,448,195,2020,REFERENCE_ONLY
485,7.158913011538971,113,48,49.9868859480805,453,230,2020,REFERENCE_ONLY
486,0.0005570000066654757,115,3,7.247388884366956,449,42,2020,REFERENCE_ONLY
487,7.016862882737769,115,34,16.576601879380178,454,73,2020,REFERENCE_ONLY
488,34.15904590458376,118,98,149.28550010226047,447,329,2020,REFERENCE_ONLY
489,1.6063290290476289,115,17,16.35993007745128,454,107,2020,REFERENCE_ONLY
490,1.8037530128997332,113,43,12.159895039948651,453,131,2020,REFERENCE_ONLY
491,11.355904019692389,115,75,55.488200004699365,451,219,2020,REFERENCE_ONLY
492,11.878735960482686,113,67,70.9901001325776,455,194,2020,REFERENCE_ONLY
493,39.913106839507236,114,61,66.05161288118688,456,206,2020,REFERENCE_ONLY
494,12.683118950095377,111,60,98.62148596016777,455,263,2020,REFERENCE_ONLY
495,4.173585009229328,114,74,16.37717110723247,449,157,2020,REFERENCE_ONLY
496,8.83622391249719,115,72,49.7087588833956,450,203,2020,REFERENCE_ONLY
497,16.12903697288027,113,100,81.40846797141592,456,342,2020,REFERENCE_ONLY
498,2.2419730300898664,113,23,55.45875786005399,455,204,2020,REFERENCE_ONLY
499,1.000976011288003,113,33,9.39510005862985,454,165,2020,REFERENCE_ONLY
500,11.440768119554264,115,81,49.35391432076119,452,273,2020,REFERENCE_ONLY
501,22.626683939175564,117,89,35.13435888705828,449,243,2020,REFERENCE_ONLY
502,5.837479994530099,114,46,96.30421610376857,456,264,2020,REFERENCE_ONLY
503,4.017114042173489,113,30,48.25435097429272,454,158,2020,REFERENCE_ONLY
504,7.974790038099854,115,63,67.65247410558607,458,171,2020,REFERENCE_ONLY
505,8.712953869350372,115,89,94.4683792533857,456,227,2020,REFERENCE_ONLY
506,12.786231961275917,112,48,86.7652995694225,455,165,2020,REFERENCE_ONLY
507,9.619673045162926,115,46,98.99048757080891,449,209,2020,REFERENCE_ONLY
508,25.180148757935967,116,59,108.43276406216319,451,169,2020,REFERENCE_ONLY
509,12.473196169768926,114,26,52.0939482771646,449,117,2020,REFERENCE_ONLY
510,63.77955935233331,114,106,111.15079819388359,453,188,2020,REFERENCE_ONLY
511,62.16623315998004,112,79,130.69107405140676,458,218,2020,REFERENCE_ONLY
512,69.34479423623998,112,73,127.37529707520298,458,214,2020,REFERENCE_ONLY
513,15.279544001852628,114,55,70.55431816262649,457,160,2020,REFERENCE_ONLY
514,0.7285999722080305,114,10,14.320410972461104,453,60,2020,REFERENCE_ONLY
515,22.3011170864047,112,29,31.268365169911704,455,58,2020,REFERENCE_ONLY
516,3.7150169981032377,114,29,29.879450933478097,454,155,2020,REFERENCE_ONLY
517,0.0,115,0,13.583588971945574,454,41,2020,REFERENCE_ONLY
518,24.46189997777401,110,68,65.16369586331712,458,199,2020,REFERENCE_ONLY
519,34.99378500953026,114,77,55.17164789186063,454,194,2020,REFERENCE_ONLY
543,47.8809900994529,112,81,201.7998496734872,454,246,2020,REFERENCE_ONLY
544,46.31428108631371,113,75,139.18918407212914,456,228,2020,REFERENCE_ONLY
545,40.9381460611836,114,87,43.2859110366976,456,126,2020,REFERENCE_ONLY
546,8.40774704402429,114,24,40.00247415815829,456,101,2020,REFERENCE_ONLY
547,37.41379225963465,115,63,179.4708031807313,458,250,2020,REFERENCE_ONLY
548,50.80686025235627,114,90,95.76969737188165,455,248,2020,REFERENCE_ONLY
549,6.950613085471559,113,12,35.90965906572683,456,125,2020,REFERENCE_ONLY
550,41.454579931800254,112,83,392.5908285816613,455,304,2020,REFERENCE_ONLY
551,25.75085986724298,110,61,43.65639803375859,460,128,2020,REFERENCE_ONLY
556,1.6695560011794441,112,52,6.689423989482748,457,125,2020,REFERENCE_ONLY
557,38.65775309308776,112,90,101.92584330661089,455,248,2020,REFERENCE_ONLY
558,2.5148329959556577,113,53,6.617434976222285,455,119,2020,REFERENCE_ONLY
559,92.28393397387117,113,93,252.8758732854185,455,286,2020,REFERENCE_ONLY
560,1.2299370042892406,118,23,12.676610023023386,446,96,2020,REFERENCE_ONLY
561,24.87974571599625,110,35,55.36530951905809,459,217,2020,REFERENCE_ONLY
562,4.570235982275335,117,48,34.553216666856315,449,172,2020,REFERENCE_ONLY
563,12.841300853295252,116,51,29.500113779240223,448,136,2020,REFERENCE_ONLY
564,9.926850021991413,112,73,22.176425890109385,456,176,2020,REFERENCE_ONLY
565,3.3032179754663957,113,37,31.15865366977232,456,116,2020,REFERENCE_ONLY
566,0.5341569970041746,110,12,38.94760082684661,453,128,2020,REFERENCE_ONLY
567,1.4770909891376505,112,21,47.995558798465936,456,162,2020,REFERENCE_ONLY
568,0.2748729980812641,114,37,31.70980392729689,456,163,2020,REFERENCE_ONLY
569,43.50409784247313,114,81,113.98218658502412,453,232,2020,REFERENCE_ONLY
570,0.0,114,0,9.894471035397146,455,86,2020,REFERENCE_ONLY
571,13.506096950150095,113,38,77.29065465472854,454,199,2020,REFERENCE_ONLY
572,2.0072269971715286,112,54,31.29234898748109,457,149,2020,REFERENCE_ONLY
573,43.465465896370006,117,65,103.75284864177888,448,216,2020,REFERENCE_ONLY
574,28.98291783989407,114,75,45.34196786670509,456,138,2020,REFERENCE_ONLY
575,37.11420184182498,114,57,102.19860165352259,455,202,2020,REFERENCE_ONLY
576,0.0,114,0,54.20044591909391,449,124,2020,REFERENCE_ONLY
587,5.252951998874778,113,44,25.87805507867597,455,149,2020,REFERENCE_ONLY
588,57.78788077873469,115,87,122.96890755306163,454,255,2020,REFERENCE_ONLY
589,2.60398801843985,113,31,45.16957812869805,454,143,2020,REFERENCE_ONLY
590,8.12786802634946,110,61,42.08949907403439,460,158,2020,REFERENCE_ONLY
591,10.988325912578148,115,33,61.85099077733287,457,165,2020,REFERENCE_ONLY
592,14.457416029734304,115,52,103.79069746128448,451,230,2020,REFERENCE_ONLY
593,31.956152283077245,114,53,97.87555338014431,452,231,2020,REFERENCE_ONLY
594,46.154775977418126,113,105,145.02536116574345,457,331,2020,REFERENCE_ONLY
595,9.684216108245892,115,19,75.56406968867566,455,193,2020,REFERENCE_ONLY
596,26.219269989989698,115,50,60.97786999447271,454,124,2020,REFERENCE_ONLY
597,34.82766694572638,114,56,171.0952587961566,449,263,2020,REFERENCE_ONLY
598,12.549959028227022,113,42,55.84607209064416,455,120,2020,REFERENCE_ONLY
599,0.5950529983383603,115,17,1.798928985168459,454,38,2020,REFERENCE_ONLY
600,39.44056192564176,112,72,355.6812280844731,455,308,2020,REFERENCE_ONLY
601,0.21324000804452226,114,6,37.73530306552129,453,97,2020,REFERENCE_ONLY
602,7.243514916859567,113,42,54.86304170591757,456,83,2020,REFERENCE_ONLY
603,1.522032006905647,115,13,16.65475900270394,451,73,2020,REFERENCE_ONLY
604,8.333925028331578,111,22,43.94132297753822,457,112,2020,REFERENCE_ONLY
605,0.5980479898571502,114,12,34.34546604799107,453,105,2020,REFERENCE_ONLY
606,4.019026038236916,115,16,59.71786200912902,453,106,2020,REFERENCE_ONLY
607,36.74004907347262,111,56,55.020806998421904,455,114,2020,REFERENCE_ONLY
608,6.658540964359418,115,28,69.83621573954588,454,129,2020,REFERENCE_ONLY
609,44.3570078319608,113,55,97.32524052909866,454,143,2020,REFERENCE_ONLY
610,43.19739490498614,114,47,96.78343763168232,452,161,2020,REFERENCE_ONLY
611,0.0,112,0,1.3695080117031466,456,26,2020,REFERENCE_ONLY
612,7.25867707451107,114,32,10.679572035704041,458,66,2020,REFERENCE_ONLY
613,0.0,115,0,5.48509603185812,458,18,2020,REFERENCE_ONLY
614,8.251690972363576,114,43,38.66305197100155,455,94,2020,REFERENCE_ONLY
615,7.735106030246243,112,32,29.57130013423739,455,104,2020,REFERENCE_ONLY
616,0.08606699915253557,115,15,5.418315020913724,454,36,2020,REFERENCE_ONLY
617,0.0,113,0,0.023351999327132944,455,8,2020,REFERENCE_ONLY
618,8.156825967991608,113,30,26.248307049507275,454,65,2020,REFERENCE_ONLY
619,0.002921000064816326,114,3,7.481172996950818,457,69,2020,REFERENCE_ONLY
620,2.571638000998064,115,11,43.62726810418826,454,84,2020,REFERENCE_ONLY
621,45.972351179108955,113,78,144.20727940521465,453,199,2020,REFERENCE_ONLY
622,30.73302508315828,113,39,74.55129348742776,455,120,2020,REFERENCE_ONLY
623,5.925203998594611,110,39,62.28598502337229,457,133,2020,REFERENCE_ONLY
624,6.852057974319905,111,48,23.57857682532631,455,93,2020,REFERENCE_ONLY
625,18.26678992617235,112,27,70.71699022183748,459,145,2020,REFERENCE_ONLY
626,0.42498100324121424,114,22,24.625239004984564,453,66,2020,REFERENCE_ONLY
627,26.423617048609117,115,53,98.97218304125806,454,222,2020,REFERENCE_ONLY
628,18.26132393487012,111,37,85.90707315808459,454,201,2020,REFERENCE_ONLY
629,0.000570999995488819,111,6,34.63005215904684,454,107,2020,REFERENCE_ONLY
630,0.0,113,0,1.2551449919701554,457,14,2020,REFERENCE_ONLY
631,6.537533074035309,114,16,10.515662057237932,452,40,2020,REFERENCE_ONLY
632,50.69677994843903,111,76,119.07812504614185,456,234,2020,REFERENCE_ONLY
633,0.13118400052189827,112,2,1.2557129919878207,456,17,2020,REFERENCE_ONLY
634,0.20271399785997346,116,5,22.73640179353481,449,98,2020,REFERENCE_ONLY
635,6.605980971492727,115,31,18.881239948788334,454,117,2020,REFERENCE_ONLY
636,47.032387766535976,112,68,84.63772145577241,456,164,2020,REFERENCE_ONLY
637,28.25293581013102,115,56,52.8453377008409,454,137,2020,REFERENCE_ONLY
638,21.7162690018813,115,53,67.86968767913822,457,158,2020,REFERENCE_ONLY
639,41.14576193391986,115,74,107.3632566294782,455,230,2020,REFERENCE_ONLY
640,14.32856498559704,113,31,28.355120981031064,453,114,2020,REFERENCE_ONLY
641,15.840416992257815,113,39,35.290755003871595,457,125,2020,REFERENCE_ONLY
642,71.91201286298747,112,91,131.1775959776469,456,246,2020,REFERENCE_ONLY
643,90.61927928710065,112,73,242.39942331257373,457,263,2020,REFERENCE_ONLY
644,16.688554983920767,111,63,49.32999204553562,456,171,2020,REFERENCE_ONLY
645,27.8744698265441,113,88,168.00840605786493,455,349,2020,REFERENCE_ONLY
646,57.725208085198915,115,103,149.60876712702031,456,330,2020,REFERENCE_ONLY
647,38.159325177087794,111,60,115.64638732546064,457,279,2020,REFERENCE_ONLY
656,64.81298006482359,115,62,204.39199985343953,453,246,2020,REFERENCE_ONLY
657,12.955539927876089,114,63,109.06751328426549,450,315,2020,REFERENCE_ONLY
658,105.52775781146192,116,111,344.5338151416072,449,384,2020,REFERENCE_ONLY
659,22.718626901745665,115,75,86.97440216257928,452,301,2020,REFERENCE_ONLY
660,313.1977190832182,117,106,2095.305105893121,449,413,2020,REFERENCE_ONLY
661,59.750638322584564,113,107,223.6861420455025,453,414,2020,REFERENCE_ONLY
662,48.38431593237328,114,73,600.9199799719918,455,362,2020,REFERENCE_ONLY
666,34.12122579781135,110,79,173.78615132578784,459,310,2020,REFERENCE_ONLY
667,5.273042972081839,114,90,130.98027086306547,454,330,2020,REFERENCE_ONLY
668,43.81708686045022,114,99,382.5949167809075,456,377,2020,REFERENCE_ONLY
669,18.9155388938525,114,71,149.66909561825923,453,343,2020,REFERENCE_ONLY
670,256.37086394790094,115,112,1537.7054640419879,456,425,2020,REFERENCE_ONLY
671,45.579824935266515,114,111,125.46595954307168,451,395,2020,REFERENCE_ONLY
672,4.977172010716913,111,98,142.48245741441406,459,429,2020,REFERENCE_ONLY
673,74.55587863444816,115,115,587.4892894894638,453,437,2020,REFERENCE_ONLY
674,22.63772118081033,115,79,185.16152945045178,457,349,2020,REFERENCE_ONLY
675,78.55286941124723,110,82,174.99984938180864,459,293,2020,REFERENCE_ONLY
676,33.828472870030964,111,57,79.12616883662122,458,191,2020,REFERENCE_ONLY
677,59.611347766040126,116,109,484.5108624759887,448,367,2020,REFERENCE_ONLY
678,112.34600310120732,115,112,262.41836048493064,455,387,2020,REFERENCE_ONLY
679,31.678404020712378,114,98,194.47835699997017,454,367,2020,REFERENCE_ONLY
680,29.828491823347576,113,81,191.99618176706906,457,330,2020,REFERENCE_ONLY
681,63.61081582488987,113,87,172.2450312181827,456,358,2020,REFERENCE_ONLY
682,102.11656136981037,115,110,197.9002394183517,455,387,2020,REFERENCE_ONLY
683,44.9673521075747,113,80,193.12969953536196,453,321,2020,REFERENCE_ONLY
684,5.892849907994332,115,75,135.8652001910375,456,340,2020,REFERENCE_ONLY
685,15.102784862618137,115,68,140.19063004617317,453,305,2020,REFERENCE_ONLY
686,54.39995508478023,114,110,215.62530315000004,453,394,2020,REFERENCE_ONLY
687,14.886846059537902,115,90,124.23098332474592,453,262,2020,REFERENCE_ONLY
688,47.16517405140621,114,69,150.8530498829423,454,309,2020,REFERENCE_ONLY
689,10.43755094234075,114,60,60.38311081978213,455,203,2020,REFERENCE_ONLY
690,45.496310059206735,114,76,131.13427191842277,455,252,2020,REFERENCE_ONLY
691,73.36168904509213,113,99,173.43384826066722,456,334,2020,REFERENCE_ONLY
692,20.894440209609456,114,60,113.05973621027806,450,224,2020,REFERENCE_ONLY
693,15.7301758241083,110,30,27.19907284027431,460,91,2020,REFERENCE_ONLY
695,1.3360250080077094,114,16,6.0906349604265415,453,45,2020,REFERENCE_ONLY
696,15.612918829621776,113,62,55.34621467796023,456,131,2020,REFERENCE_ONLY
