dataset_name,provider,layer_id,reference_year,download_url,accessed_at,crs,license_url,local_source_path,processed_output,usage_note,redistribution_status,license,source_manifest,source_status,local_source_status,raw_file_date
공공·생활·문화·교육시설,국토교통부 (VWorld 제공),UQ164,2026,https://www.vworld.kr/dtmk/dtmk_ntads_s002.do?dsId=30290,DATA_NOT_AVAILABLE,EPSG:5174,https://www.vworld.kr/dtmk/dtmk_ntads_s002.do?dsId=30290,vworld/LSMD_CONT_UQ164_5174_경북.zip,data/processed/facilities/uiseong_facilities.gpkg,못 주변 VWorld 생활시설 수; 의성군 코드 47730 및 경계로 선별·Clip; EPSG:5174 저장; 파일명 데이터버전 202608,RAW_NOT_REDISTRIBUTED; CC BY-NC-ND (2026-10-03 확인) - 의성군 추출본은 출처표시·비영리 조건으로 저장소에 포함,CC BY-NC-ND,data/manifests/vworld_sources.csv,AVAILABLE,PRESENT,2026-08-01
관광지·관광특구,국토교통부 (VWorld 제공),UO601,2026,https://www.vworld.kr/dtmk/dtmk_ntads_s002.do?dsId=30276,DATA_NOT_AVAILABLE,EPSG:5174,https://www.vworld.kr/dtmk/dtmk_ntads_s002.do?dsId=30276,vworld/LSMD_CONT_UO601_5174_경북.zip,data/processed/facilities/uiseong_facilities.gpkg,못 주변 VWorld 관광시설 수; 의성군 코드 47730 및 경계로 선별·Clip; EPSG:5174 저장; 파일명 데이터버전 202608,RAW_NOT_REDISTRIBUTED; CC BY-NC-ND (2026-10-03 확인) - 의성군 추출본은 출처표시·비영리 조건으로 저장소에 포함,CC BY-NC-ND,data/manifests/vworld_sources.csv,AVAILABLE,PRESENT,2026-08-01
의성군 도로,국토교통부 (VWorld 제공),UQ151,DATA_NOT_AVAILABLE,https://www.vworld.kr/dtmk/dtmk_ntads_s002.do?dsId=30074,DATA_NOT_AVAILABLE,EPSG:5174,https://www.vworld.kr/dtmk/dtmk_ntads_s002.do?dsId=30074,vworld/C_UQ151.zip,data/processed/roads/uiseong_roads.gpkg,못-도로 최근접거리 및 Buffer 도로길이; 의성군 경계로 Clip; EPSG:5174 저장,RAW_NOT_REDISTRIBUTED; CC BY-NC-ND (2026-10-03 확인) - 의성군 추출본은 출처표시·비영리 조건으로 저장소에 포함,CC BY-NC-ND,data/manifests/vworld_sources.csv,AVAILABLE,PRESENT,2025-02-13
의성군 행정경계,기존 프로젝트 자료,DATA_NOT_AVAILABLE,DATA_NOT_AVAILABLE,DATA_NOT_AVAILABLE,DATA_NOT_AVAILABLE,EPSG:5174,DATA_NOT_AVAILABLE,data/geojson/uiseong_boundary.geojson,data/geojson/uiseong_boundary.geojson,분석 범위·공간검증; 기존 프로젝트 GeoJSON 사용; VWorld 출처로 추정하지 않음,RAW_IN_REPOSITORY; LICENSE_UNVERIFIED; 원본 manifest: 이용조건 확인 필요,DATA_NOT_AVAILABLE,data/manifests/vworld_sources.csv,EXISTING_LOCAL_DATA_NOT_VERIFIED,PRESENT,DATA_NOT_AVAILABLE
농업지역,기존 프로젝트 자료,DATA_NOT_AVAILABLE,DATA_NOT_AVAILABLE,DATA_NOT_AVAILABLE,DATA_NOT_AVAILABLE,EPSG:5174,DATA_NOT_AVAILABLE,data/geojson/agricultural_areas.geojson,data/geojson/agricultural_areas.geojson,못 주변 농업지역 intersection; 기존 프로젝트 GeoJSON 사용; VWorld 출처로 추정하지 않음,RAW_IN_REPOSITORY; LICENSE_UNVERIFIED; 원본 manifest: 이용조건 확인 필요,DATA_NOT_AVAILABLE,data/manifests/vworld_sources.csv,EXISTING_LOCAL_DATA_NOT_VERIFIED,PRESENT,DATA_NOT_AVAILABLE
지역별 연령별 주민등록 인구현황 (2024-12),행정안전부,NOT_APPLICABLE,2024,https://jumin.mois.go.kr/ageStatMonth.do,2026-08-30,NOT_SPATIAL_TABLE,DATA_NOT_AVAILABLE,data/raw/population/mois_age_2024_1year.csv,data/processed/population/uiseong_population.csv,기준월 2024-12; 의성군 읍면 코드 4773; 청년 만 19~39세; 고령 만 65세 이상,RAW_NOT_REDISTRIBUTED; LICENSE_UNVERIFIED,DATA_NOT_AVAILABLE,data/manifests/population_sources.csv,AVAILABLE,PRESENT,DATA_NOT_AVAILABLE
지역별 연령별 주민등록 인구현황 (2025-12),행정안전부,NOT_APPLICABLE,2025,https://jumin.mois.go.kr/ageStatMonth.do,2026-08-30,NOT_SPATIAL_TABLE,DATA_NOT_AVAILABLE,data/raw/population/mois_age_2025_1year.csv,data/processed/population/uiseong_population.csv,기준월 2025-12; 의성군 읍면 코드 4773; 청년 만 19~39세; 고령 만 65세 이상,RAW_NOT_REDISTRIBUTED; LICENSE_UNVERIFIED,DATA_NOT_AVAILABLE,data/manifests/population_sources.csv,AVAILABLE,PRESENT,DATA_NOT_AVAILABLE
SGIS 지역통계 API,SGIS,population/searchpopulation/household/house/company,2020;2024,https://sgis.mods.go.kr/developer/html/newOpenApi/api/dataApi/census.html,DATA_NOT_AVAILABLE,NOT_SPATIAL_TABLE,DATA_NOT_AVAILABLE,API_RESPONSE,data/analysis/sgis_indicator_availability.json,가용성 점검용; 실제 분석값 미사용; 검색결과 없음·오류는 DATA_NOT_AVAILABLE 또는 API_ERROR로 보존,API_TERMS_UNVERIFIED,DATA_NOT_AVAILABLE,data/manifests/sgis_sources.csv,CHECKED_NO_USABLE_Uiseong_RECORD,API_RESPONSE,DATA_NOT_AVAILABLE
SGIS 생활권역 주행인구,SGIS,serviceAreaGeometry + serviceAreaStatistics,2024,https://sgis.mods.go.kr/developer/html/newOpenApi/api/dataApi/authAndUseApi.html,DATA_NOT_AVAILABLE,EPSG:5179 (API 요청 좌표),DATA_NOT_AVAILABLE,API_RESPONSE,data/processed/population/sgis_drive_population.csv,sgis_drive_population_5min; sgis_drive_population_10min; 미응답은 0으로 대체하지 않음,API_TERMS_UNVERIFIED,DATA_NOT_AVAILABLE,data/manifests/sgis_sources.csv,AVAILABLE_455_OF_854,API_RESPONSE,DATA_NOT_AVAILABLE
교통문화지수 항목별 기초통계,DATA_NOT_AVAILABLE,T_W_BASE_ART_CULT_IDX,2014-2024,DATA_NOT_AVAILABLE,DATA_NOT_AVAILABLE,NOT_SPATIAL_TABLE,DATA_NOT_AVAILABLE,vworld/T_W_BASE_ART_CULT_IDX.zip,data/analysis/traffic_culture_context.json,시군구 단위 배경지표; 시군구 코드 47730; 시설별 접근성으로 복제하지 않음,RAW_NOT_REDISTRIBUTED; LICENSE_UNVERIFIED; 원본 manifest: 이용조건 확인 필요,DATA_NOT_AVAILABLE,data/manifests/traffic_culture_sources.csv,AVAILABLE,PRESENT,2025-09-04
교통문화지수 영역별 통계,DATA_NOT_AVAILABLE,T_W_BASE_TRF_CULT_IDX,2017-2024,DATA_NOT_AVAILABLE,DATA_NOT_AVAILABLE,NOT_SPATIAL_TABLE,DATA_NOT_AVAILABLE,vworld/T_W_BASE_TRF_CULT_IDX.zip,data/analysis/traffic_culture_context.json,시군구 단위 배경지표; 시군구 코드 47730; 시설별 접근성으로 복제하지 않음,RAW_NOT_REDISTRIBUTED; LICENSE_UNVERIFIED; 원본 manifest: 이용조건 확인 필요,DATA_NOT_AVAILABLE,data/manifests/traffic_culture_sources.csv,AVAILABLE,PRESENT,2025-09-04
WorldPop Global2 population count 100m,"WorldPop, University of Southampton",NOT_APPLICABLE,2020,https://data.worldpop.org/GIS/Population/Global_2015_2030/R2025A/2020/KOR/v1/100m/constrained/kor_pop_2020_CN_100m_R2025A_v1.tif,2026-08-30T08:52:04.051181+00:00,EPSG:4326,https://www.worldpop.org/data/licence.txt,data/raw/population/worldpop/kor_pop_2020_CN_100m_R2025A_v1.tif,data/analysis/worldpop_reference_buffer.csv,참고자료 전용; worldpop_population_500m·1km 별도 필드; 국내 공식 인구격자를 대체하지 않음; Reference raster; not a substitute for Korean official resident population statistics,RAW_NOT_REDISTRIBUTED; LICENSE_URL_RECORDED,DATA_NOT_AVAILABLE,data/manifests/worldpop_sources.csv,AVAILABLE_REFERENCE_ONLY,PRESENT,DATA_NOT_AVAILABLE
